0.188596951704741,2.4506471964432,2.34563234498331,2.24061749352341,4.78799933629388,-0.394339009452055,0.61312057842812,2.99204088668671,0.818457653070778,-1.35512558054516,-3.5287088141611,-1.97171179629278,-0.414714778424458,0.0193473315231089,0.453409441470676,0.178795901830446,-0.0958176378097835,-0.370431177450013,-0.0180318868186675,0.334367403812678,0.376856509358211,0.419345614903743,0.432863864276013,0.446382113648283,0.459900363020553,0.315349899250182,0.170799435479811,0.38341418320506,-0.00241799524580811,0.50288121142636,1.00818041809853,0.501762743978604,-0.234303529188872,-0.41934820773238,1.34090409460544,0.696058560714704,0.0512130268239648,-0.593632507066774,-0.576579010059706,-0.559525513052637,-0.303168626163057,-0.0468117392734767,-0.231651286988376,-0.416490834703275,-0.601330382418174,-0.426055404535111,-0.250780426652049,-0.230492351902435,-0.21020427715282,0.0320131409902603,0.274230559133341,0.516447977276422,0.387380853426103,0.258313729575784,4.5929142912374,0.594514537578799,5.21390510572467,9.83329567387053,4.02289756695009,3.72209153869773,0.545170415220786,-1.46441177341609,-1.86942464772663,-2.27443752203716,-2.67945039634769,-1.61260474074919,-0.545759085150686,-0.499470923936043,-0.4531827627214,-0.177232081786557,0.0987185991482857,0.374669280083129,0.546170948897249,0.71767261771137,0.64436805948635,0.57106350126133,0.831621195260112,1.09217888925889,1.35273658325768,1.01430105520897,0.675865527160271,0.75597985602624,0.945812035183218,1.64939105542033,2.35297007565744,3.62790614988112,1.55666427528712,0.583379670394833,0.201335136700604,-0.182388929523984,-0.566112995748572,-0.94983706197316,-0.63836602702235,-0.32689499207154,-0.374694946923022,-0.422494901774503,-0.242334757473241,-0.0621746131719792,0.117985531129283,0.103769570948734,0.0895536107681842,0.129959756708364,0.170365902648544,0.233396398504767,0.29642689436099,0.359457390217213,0.289735604715433,0.220013819213654,0,0,0.199674379599184,0.399348759198368,0.109271589672999,1.69115952550243,0.50794782227554,-0.655961191652164,-0.647499676343396,-0.639038161034627,-0.63057664572586,-0.435443749029394,-0.240310852332929,-0.174945995583981,-0.109581138835034,-0.230058782757218,-0.350536426679402,-0.471014070601587,-0.355414084796084,-0.239814098990581,-0.0821102300637072,0.0755936388631674,0.021848767429693,-0.0318961040037815,-0.0856409754372559,0.389469226177033,0.864579427791322
0.414984838374541,1.40984294110834,2.2582163105455,3.10658967998265,3.60772269784761,0.310140349134307,-0.0869353577835213,-0.112110660047205,-0.889555221962579,-1.66699978387795,-2.44444434579333,-1.47107088254857,-0.497697419303812,-0.419524449006693,-0.341351478709575,-0.324066184522254,-0.306780890334934,-0.289495596147613,-0.10755306655025,0.0743894630471138,0.085427203437833,0.0964649438285519,0.166205846984391,0.23594675014023,0.305687653296069,0.214325877027937,0.122964100759805,0.932311451685757,-0.00199346165770295,0.681434736486377,1.36486293463046,-0.0560985983530458,1.41712070595302,-0.427609812757438,1.13050598927003,0.710978135094536,0.291450280919043,-0.12807757325645,-0.604119627480529,-1.08016168170461,-0.672328067334032,-0.264494452963456,-0.444612937971794,-0.624731422980132,-0.80484990798847,-0.60547000460903,-0.406090101229591,-0.499554692842961,-0.593019284456331,-0.32941126426362,-0.0658032440709083,0.197804776121803,0.021491969869266,-0.154820836383271,3.68856674107141,1.04630862515309,4.82572504535019,8.6051414655473,5.24538699961648,2.0151989500728,0.0256630392846886,-1.02670578605419,-1.13273546170324,-1.23876513735228,-1.34479481300133,-0.795968812515596,-0.247142812029867,-0.362330040073844,-0.47751726811782,-0.3179564347765,-0.158395601435181,0.00116523190613853,0.0691127355654109,0.137060239224683,-0.0283231553368999,-0.193706549898483,-0.0535648368724915,0.0865768761534998,0.226718589179491,0.113667200724327,0.000615812269162306,0.160228090732053,1.18111867405225,1.47410549060469,1.76709230715712,3.0135236349298,3.06630928722282,0.522359536972232,-0.649712185482053,-0.657364640347994,-0.665017095213935,-0.672669550079875,-0.597409205530177,-0.52214886098048,-0.426232963927479,-0.330317066874479,-0.202712976582466,-0.0751088862904523,0.0524952040015611,-0.0141679869057574,-0.080831177813076,0.127679787401232,0.33619075261554,0.331987435837026,0.327784119058512,0.323580802279997,0.400395867497886,0.477210932715774,0,0,0.283643280874355,0.567286561748709,0.209708851755668,1.38100716917109,0.994486121185105,0.424425666335918,0.0519450578706924,-0.320535550594533,-0.693016159059759,-0.560672373286664,-0.42832858751357,-0.452692900791089,-0.477057214068607,-0.342824241608082,-0.208591269147557,-0.0743582966870321,-0.154172360355076,-0.23398642402312,-0.100925140625844,0.0321361427714317,0.138565711215938,0.244995279660444,0.351424848104951,0.522559130768539,0.693693413432128
0.334470608374305,2.34806017103465,2.60338186300249,2.85870355497032,4.00739828013383,1.13315582900779,-0.355713858905778,-0.087274987843972,-0.700613034571636,-1.3139510812993,-1.92728912802696,-1.20049949464911,-0.473709861271258,-0.377361839768058,-0.281013818264857,-0.310923956882239,-0.34083409549962,-0.370744234117001,-0.213567991591142,-0.0563917490652836,-0.05209853649694,-0.0478053239285963,0.0483448857642952,0.144495095457187,0.240645305150078,0.152571521759602,0.0644977383691251,0.787878323478919,-0.00308404684059631,1.12081707651703,2.24471819987467,0.671213809165871,0.815767708237415,-0.13683508492099,0.393225120047267,0.205390188356073,0.0175552566648796,-0.170279675026314,-0.53980584380619,-0.909332012586066,-0.633105515950341,-0.356879019314616,-0.491857018343574,-0.626835017372532,-0.76181301640149,-0.619066537762828,-0.476320059124165,-0.487810682668801,-0.499301306213435,-0.287873972882159,-0.076446639550882,0.134980693780395,-0.0308272475006188,-0.196635188781632,2.89011782724811,1.06548920987447,4.61837652834998,8.17126384682549,3.48099818868233,3.9175630027144,-0.000502848822527059,-0.779288225818872,-0.92849584939751,-1.07770347297615,-1.22691109655478,-0.960536434535067,-0.694161772515348,-0.504149234584448,-0.314136696653548,-0.198578733542577,-0.0830207704316049,0.0325371926793668,0.111848574504043,0.19115995632872,0.033571093308638,-0.124017769711444,-0.00677852869664894,0.110460712318146,0.22769995333294,0.133257648773499,0.0388153442140577,0.132989400043283,1.21294701162904,1.62506451077539,2.03718200992174,3.54434167469811,3.03891066952951,0.324736923133803,-0.811499255980301,-0.808680753408466,-0.80586225083663,-0.803043748264794,-0.620220799688265,-0.437397851111736,-0.398068710008134,-0.358739568904532,-0.209865639286349,-0.0609917096681653,0.0878822199500183,0.0445137524176131,0.00114528488520813,0.123449640491423,0.245753996097637,0.268889817814478,0.292025639531319,0.31516146124816,0.284197970588856,0.253234479929552,0,0,0.567898591730063,1.13579718346013,0.189769251552927,2.69510511309376,0.37597647020439,-0.407287831068818,-0.413572060442912,-0.419856289817006,-0.4261405191911,-0.458530763093808,-0.490921006996517,-0.347263682014519,-0.203606357032522,-0.169820570600909,-0.136034784169296,-0.102248997737684,0.0345875236448528,0.171424045027389,0.141250722179997,0.111077399332606,0.175328587553303,0.239579775774001,0.303830963994698,0.516498548096732,0.729166132198766
1.66495110555738,3.28922925770615,0.718035699911257,-1.85315785788364,-1.99340816906909,-1.35810206309464,-1.67924525300799,0.0941506819633394,-0.423741894776999,-0.941634471517337,-1.45952704825768,-1.26377088753951,-1.06801472682134,-0.527268985709574,0.0134767554021956,-0.00381888443612055,-0.0211145242744369,-0.0384101641127533,-0.300420867566491,-0.562431571020228,-0.28820444465168,-0.0139773182831329,-0.0999667121276342,-0.185956105972135,-0.271945499816637,-0.024974946343801,0.221995607129035,1.73503639814858,1.9292352129582,1.22424151343984,0.519247813921474,-0.0897713060510751,-1.45785826940137,-0.991814720321059,-1.28184174283921,-1.18120645191539,-1.08057116099156,-0.979935870067734,-0.65927616762226,-0.338616465176787,-0.0824858150678416,0.173644835041104,-0.0161009886262428,-0.205846812293589,-0.395592635960935,-0.506429534797732,-0.617266433634528,-0.512245411074842,-0.407224388515156,-0.303174800585233,-0.19912521265531,-0.0950756247253875,-0.0260770936376688,0.0429214374500498,-1.85163657436234,3.04582509908931,1.2353563702991,-0.575112358491119,-1.92173936622494,-0.622989088537662,-2.66608472592763,-4.29814083930916,-2.86300546417066,-1.42787008903216,0.00726528610634794,-0.15323899112989,-0.313743268366129,-0.1254790854084,0.0627850975493281,0.105828255514793,0.148871413480259,0.191914571445724,0.217652653327199,0.243390735208674,0.133445509948931,0.023500284689189,0.100983799887857,0.178467315086525,0.255950830285194,0.226398705848751,0.196846581412309,0.248272356121907,1.22665165328526,1.12880078272761,1.03094991216995,-2.19843063770847,-1.11742394716042,-1.25739843282473,-1.20009392639031,-0.91335739418429,-0.626620861978272,-0.339884329772255,-0.340359200677525,-0.340834071582795,-0.361625064952126,-0.382416058321456,-0.294488878547903,-0.20656169877435,-0.118634519000796,-0.0320280192959769,0.0545784804088427,0.0287600857693709,0.00294169112989923,0.0283199749175625,0.0536982587052258,0.0790765424928891,0.111730250715051,0.144383958937213,3.28933354069192,0.528904189970398,4.43785680448876,8.34680941900712,6.05221217292545,1.54538788730482,0.240741667407962,-0.110628581327567,-0.0844992700627469,-0.0583699587979255,-0.0322406475331051,-0.10538291334262,-0.178525179152133,0.501860641511925,1.18224646217598,1.42675171403477,1.67125696589355,1.91576221775233,1.55382354501581,1.19188487227928,0.941713461727438,0.691542051175598,0.736252825242427,0.780963599309255,0.825674373376084,0.781803918609184,0.737933463842285
0,0,0,0,0,0,0,0,0.0612101080798844,0.122420216159769,0.183630324239653,0.311124937354253,0.438619550468854,0.510591049118854,0.582562547768854,0.340151336973777,0.0977401261787007,-0.144671084616376,-0.116074553465203,-0.0874780223140299,-0.153327460522617,-0.219176898731205,-0.133737336417407,-0.0482977741036091,0.037141788210189,-0.0188605731312799,-0.0748629344727487,0,0,0,0,0,0,0.131771095526238,0,0.480931456083576,0.961862912167152,1.44279436825073,1.4923552299581,1.54191609166548,0.821763180554153,0.10161026944283,-0.224958601659232,-0.551527472761293,-0.878096343863356,-0.670350590845037,-0.462604837826717,-0.571499937723011,-0.680395037619305,-0.52239449747974,-0.364393957340175,-0.206393417200609,-0.192315860053242,-0.178238302905875,0,0,0,0,0,0,0.426761266904162,2.05311367101495,1.6703128520306,1.28751203304624,0.904711214061885,-0.0179494546922873,-0.940610123446459,-1.45629156361466,-1.97197300378286,-1.73479757307264,-1.49762214236241,-1.26044671165219,-0.936695171209291,-0.612943630766394,-0.605660454712691,-0.598377278658988,-0.396245379799707,-0.194113480940425,0.008018417918857,0.0504903313335922,0.0929622447483275,0,0,-8.05469070287446e-05,-0.000161093814057452,0,0,0,0.490511588320746,0.70478312600293,0.919054663685115,1.1333262013673,0.719872705752765,0.306419210138231,0.462125631675286,0.617832053212341,0.557793026154874,0.497753999097406,0.437714972039939,0.354622969078761,0.271530966117582,0.265150267623108,0.258769569128635,0.274198714992276,0.289627860855918,0.30505700671956,0.364470137590816,0.423883268462071,0,0,0,0,0,0,0,0,-0.667578181417497,-1.335156362835,-2.00273454425249,-1.02714042427441,-0.0515463042963221,0.775113531945193,1.60177336818671,1.69557090248084,1.78936843677498,1.88316597106912,1.50972071303645,1.13627545500378,1.06515979153271,0.994044128061635,0.846486701821029,0.698929275580421,0.551371849339815,0.662463547190358,0.773555245040901
0,0,0,0,0,0,0,8.55229016646316e-06,0.0752404276257993,0.150472302961432,0.225704178297065,0.289146596260672,0.352589014224279,0.440048290756882,0.527507567289484,0.332341087332958,0.137174607376432,-0.0579918725800946,-0.080444750348517,-0.10289762811694,-0.135563321160015,-0.168229014203091,-0.0895090541987213,-0.0107890941943517,0.0679308658100182,0.0104609811889812,-0.0470089034320558,0,0,0,0,0,0,0.167210728295398,0,0.403702335194197,0.807404670388394,1.21110700558259,1.19511515278434,1.17912329998609,0.638514097154023,0.0979048943219494,-0.156414757099218,-0.410734408520385,-0.665054059941553,-0.518098951343548,-0.371143842745542,-0.44633196459883,-0.521520086452119,-0.41671291518502,-0.311905743917921,-0.207098572650823,-0.188415760227197,-0.169732947803572,0,0,0,0,0,0,0.497148494212287,1.78405047181501,1.34880255125571,0.913554630696418,0.478306710137125,-0.208082095759191,-0.894470901655506,-1.24516897552619,-1.59586704939688,-1.39381213548529,-1.1917572215737,-0.989702307662112,-0.743461996194635,-0.497221684727157,-0.500616649601177,-0.504011614475197,-0.331267825787337,-0.158524037099477,0.0142197515883827,0.0490319644299954,0.0838441772716081,0,-0.0285485433274075,-0.0278474978803058,-0.0271464524332041,0,0,0,0.374430488005,0.561048770295705,0.747667052586412,0.934285334877117,0.573388963864541,0.212492592851964,0.349107388325673,0.485722183799382,0.440279470483483,0.394836757167585,0.349394043851686,0.262967132794092,0.176540221736497,0.17516164235493,0.173783062973363,0.200623021220937,0.227462979468511,0.254302937716084,0.333316113243757,0.41232928877143,0,0,0,0,0,0,0,0,-0.53546682834817,-1.07093365669634,-1.60640048504451,-0.693968748195346,0.21846298865382,0.625535995166598,1.03260900167938,1.12003386421447,1.20745872674956,1.29488358928466,1.04271160172671,0.79053961416876,0.738831624809143,0.687123635449526,0.592155809074615,0.497187982699704,0.402220156324793,0.517349811633222,0.632479466941651
0,0,0,0,0,0,0,0,0.11506687336982,0.230133746739641,0.345200620109461,0.225135328701932,0.105070037294404,0.22420411098428,0.343338184674157,0.225179863840681,0.107021543007206,-0.0111367778262697,-0.142361978961033,-0.273587180095796,-0.200974954036649,-0.128362727977503,-0.144997535651522,-0.161632343325542,-0.178267150999562,-0.133497265974442,-0.0887273809493225,0,0,0,0,0,0,0,0,0.126531503168576,0.253063006337151,0.379594509505727,0.754298640603132,1.12900277170054,1.13365723202155,1.13831169234256,0.793822078056369,0.449332463770183,0.104842849483997,0.0862435122975205,0.0676441751110438,-0.102286608934596,-0.272217392980236,-0.238972515548855,-0.205727638117473,-0.172482760686092,-0.220459227867625,-0.268435695049158,0,0,0,0,0,0,0,-0.031711250950894,0.304456034934965,0.640623320820823,0.976790606706682,-0.241279191639349,-1.45934898998538,-1.7416577041354,-2.02396641828542,-1.50161288376817,-0.979259349250919,-0.456905814733667,-0.561575657833384,-0.666245500933101,-0.520234976958357,-0.374224452983613,-0.109863869879691,0.154496713224232,0.418857296328154,0.379458570085008,0.340059843841862,0,0,0,0,0,0,0,0.263216062026314,0.300982540026917,0.338749018027519,0.376515496028122,0.849258182209512,1.3220008683909,0.973596689079278,0.625192509767653,0.460803180378472,0.296413850989291,0.13202452160011,0.164061596102021,0.196098670603932,0.135918554002837,0.0757384374017406,0.129048106105732,0.182357774809724,0.235667443513716,0.139680577639563,0.0436937117654102,0,0,0,0,0,0,0,0,0.0182516600216361,0.0365033200432723,0.0547549800649085,-0.43368286824905,-0.922120716563008,-0.336858895784736,0.248402924993535,0.248141889903527,0.247880854813519,0.247619819723511,0.468380728071666,0.689141636419822,0.443524165827587,0.197906695235351,0.307539228352102,0.417171761468852,0.526804294585602,0.329220282540838,0.131636270496073
0,0.246417296933464,0.265346609718682,0.2842759225039,0.709596078386571,1.02571774907842,1.54996865473753,1.0300301342245,0.764148284678961,0.498266435133423,0.232384585587886,0.154871830999231,0.0773590764105772,-0.158496113144506,-0.39435130269959,-0.306128630177282,-0.217905957654975,-0.129683285132667,-0.134346685634371,-0.139010086136075,0.117435845708984,0.373881777554043,0.1745724935747,-0.0247367904046415,-0.224046074383984,-0.0524921479435491,0.119061778496885,0,-0.0417758894670517,-0.0204179043577014,0.000940080751648889,0.481212373278686,0.625385430448647,0.442427666508757,0.612888089796488,0.266084702043873,-0.0807186857087433,-0.427522073461359,-0.258302164538265,-0.0890822556151704,-0.114146883695057,-0.139211511774943,-0.231842680190242,-0.324473848605541,-0.41710501702084,-0.25207686022412,-0.0870487034273988,-0.192945226301953,-0.298841749176507,-0.212382568161515,-0.125923387146523,-0.0394642061315314,-0.101261559919286,-0.163058913707041,0.167812558261413,0.0541587793124783,0.541886715340613,1.02961465136875,0.969305739067325,1.65713459207548,1.68214485544232,0.354267278933832,-0.0563280641322576,-0.466923407198347,-0.877518750264436,-0.653986802633298,-0.43045485500216,-0.537434362599597,-0.644413870197033,-0.682255395369368,-0.720096920541703,-0.757938445714039,-0.335297859870102,0.0873427259738346,0.043525929222669,-0.000290867528496734,0.142583139763713,0.285457147055924,0.428331154348134,0.323019721636343,0.217708288924553,0.0241407698646555,0.0117768040378433,0.20284725466275,0.393917705287656,1.05613972067986,0.967397285608777,0.833373898676335,0.810729805182513,0.456695630899745,0.102661456616976,-0.251372717665792,-0.226070441949979,-0.200768166234166,-0.0906612449336761,0.0194456763668133,0.0676890143316551,0.115932352296497,0.164175690261339,0.0855891009603576,0.00700251165937644,-0.0478069821299342,-0.102616475919245,-0.0435450729400639,0.015526330039117,0.074597733018298,0.105927598404996,0.137257463791693,0,0,0.12166569334697,0.243331386693939,0.660297966395918,0.270257744717436,0.269932841335436,0.721925388745818,0.454072790177676,0.186220191609535,-0.0816324069586069,-0.130506257857714,-0.179380108756822,-0.114952428984883,-0.0505247492129443,-0.0425250926435693,-0.0345254360741943,-0.0265257795048193,-0.0121959065199776,0.00213396646486414,0.0928413905868991,0.183548814708934,0.195482885345507,0.20741695598208,0.219351026618652,0.174560095755194,0.129769164891736
0.0173337563533102,0.200951922919857,0.307886684869044,0.41482144681823,0.529250813862169,0.713873373265038,0.575139580432746,0.505812400758041,0.341715944139809,0.177619487521576,0.0135230309033432,-0.0111117729661323,-0.0357465768356077,0.0274824355741975,0.0907114479840028,0.0300882703729698,-0.0305349072380632,-0.0911580848490963,-0.0841384018796865,-0.0771187189102767,-0.0978851782704067,-0.118651637630537,-0.0602535828107285,-0.00185552799092012,0.0565425268288883,0.0334150464561136,0.010287566083339,0.00656281789950913,-0.0317337455589397,0.0725559462118279,0.176845637982595,0.22867010238013,0.397188642093248,0.560290037367907,0.640860931804103,0.521538942776079,0.402216953748055,0.28289496472003,0.1562850435917,0.0296751224633701,-0.0461038578829996,-0.121882838229369,-0.103955314727398,-0.086027791225427,-0.0681002677234559,-0.049216109508502,-0.030331951293548,-0.0652944626113501,-0.100256973929152,0.0229173720862387,0.14609171810163,0.26926606411702,0.149091112988429,0.0289161618598369,0.11931842654235,0.0773782019870662,0.178987262178304,0.280596322369542,0.29791626319424,0.772825070600577,0.446619521593445,0.233963169137189,0.0644534173193674,-0.105056334498455,-0.274566086316277,-0.257355023123838,-0.240143959931399,-0.169009759720549,-0.0978755595096998,-0.0482262075741854,0.00142314436132908,0.0510724962968435,0.109309701297194,0.167546906297544,0.0937524429135218,0.0199579795294992,0.0584649962751419,0.0969720130207846,0.135479029766427,0.102659627280768,0.0698402247951085,0.00508679834773691,0.000930737465525631,0.106063552137808,0.21119636681009,0.444187782590289,0.590903143172329,0.425924218518477,0.449635816949668,0.282225539329261,0.114815261708853,-0.0525950159115537,0.00391849858092243,0.0604320130733986,0.0516052452124324,0.0427784773514663,0.0461477857075716,0.049517094063677,0.0528864024197823,0.0181106368078223,-0.0166651288041377,0.0231552955146333,0.0629757198334044,0.0563196089578552,0.049663498082306,0.0430073872067568,0.0367049443521708,0.0304025014975848,0,0,0.0371967071770998,0.0743934143541996,0.115702541738251,0.361302992628924,0.595848497002457,0.467087385216507,0.355933405507762,0.244779425799017,0.133625446090272,0.0857757484453068,0.0379260508003412,0.101968907252978,0.166011763705615,0.0792247682729822,-0.00756222715965053,-0.0943492225922832,-0.00610075571474195,0.0821477111627993,0.0236576764131872,-0.034832358336425,0.0245448455639409,0.0839220494643067,0.143299253364673,0.27385034127611,0.404401429187548
0.0516452806071421,0.119745854445645,0.281420416161079,0.443094977876512,0.636894013466001,0.482925343658743,0.341270349485173,0.275918709174581,0.196782085950394,0.117645462726207,0.0385088395020195,0.0389987255398429,0.0394886115776663,0.0256692416691466,0.0118498717606269,0.00899400123563847,0.00613813071065002,0.0032822601856616,-0.00408604383974833,-0.0114543478651583,-0.00525369721450622,0.000946953436145746,-0.0173241155701042,-0.0355951845763541,-0.053866253582604,-0.0224442995859862,0.00897765441063166,0.0341896882858524,-0.0207045583189823,0.0813331511457587,0.1833708606105,0.158557681515843,0.470677650998406,0.412578116164818,0.362510239584474,0.24914007752875,0.135769915473027,0.022399753417303,0.0108888349693846,-0.000622083478533788,-0.00636558477542795,-0.0121090860723221,-0.0145433004581644,-0.0169775148440068,-0.0194117292298491,-0.0113669573360093,-0.00332218544216955,-0.00911755946873495,-0.0149129334953004,-0.0150523785578457,-0.015191823620391,-0.0153312686829364,-0.00738112143097525,0.000569025820985896,0.188117450158077,0.113713757639305,0.342002782443296,0.570291807247287,0.688405907028704,0.540169168456616,0.350456413371847,0.1209502568863,0.0723005036946598,0.0236507505030195,-0.0249990026886208,-0.00655354109449668,0.0118919204996274,-0.0110952953280067,-0.0340825111556409,-0.0284392750759629,-0.0227960389962849,-0.0171528029166069,-0.0230093258936844,-0.0288658488707618,-0.0392469555218888,-0.0496280621730158,-0.0427302319812171,-0.0358324017894183,-0.0289345715976196,-0.0334417900181281,-0.0379490084386367,0.0324958035165926,0.0877221335426474,0.190586728462431,0.293451323382214,0.475890037707069,0.519932799182039,0.425940990907189,0.213713505877743,0.149884957641811,0.0860564094058802,0.0222278611699488,0.00686360050610225,-0.00850066015774436,-0.0146773159108248,-0.0208539716639052,-0.0246321367099901,-0.0284103017560751,-0.0321884668021601,-0.0196526300130423,-0.00711679322392464,-0.00273883218798561,0.00163912884795344,-0.00450299313619191,-0.0106451151203373,-0.0167872371044826,0.00445126858767866,0.02568977427984,0,0,0.0137434282737142,0.0274868565474284,0.327684562312688,0.175165266612968,0.2723328085437,0.316431940223749,0.21167566099102,0.106919381758291,0.00216310252556151,-0.0125278839647749,-0.0272188704551113,-0.0185819789116511,-0.00994508736819084,-0.00426905430364204,0.00140697876090676,0.00708301182545555,-0.0152582312820132,-0.037599474389482,-0.0309420229354663,-0.0242845714814505,-0.0112990695800147,0.00168643232142099,0.0146719342228567,-0.0014943335277146,-0.0176606012782859
0,0,0.0916932200534188,0.183386440106838,0.243891626946631,0.500700893559638,0.696529216246254,0.642433471862552,0.553994452019975,0.465555432177399,0.377116412334822,0.260986542938638,0.144856673542455,0.0467800541122364,-0.0512965653179818,-0.0794268380790721,-0.107557110840162,-0.135687383601253,-0.044255030936427,0.0471773217283988,-0.0112320854867521,-0.0696414927019031,-0.10835733830546,-0.147073183909018,-0.185789029512575,-0.0993716549740443,-0.0129542804355135,0,-0.029956747132536,-0.0340975372498272,-0.0382383273671185,0.166262711304428,0.443017100268652,0.526358457092657,0.618334798029714,0.44398157906418,0.269628360098646,0.0952751411331122,0.0597656577731718,0.0242561744132314,-0.0315784374760186,-0.0874130493652687,-0.0953185163710333,-0.103223983376798,-0.111129450382562,-0.0899009121064601,-0.0686723738303579,-0.0663978658346147,-0.0641233578388714,-0.0638628954819364,-0.0636024331250014,-0.0633419707680666,-0.0430949412291827,-0.0228479116902988,0,0.0377742689905499,0.140754607281554,0.243734945572557,0.477204937510259,0.740681910370428,0.64383540943549,0.178425277706596,0.091702130641584,0.00497898357657184,-0.0817441634884403,-0.0987702137042938,-0.115796263920147,-0.15999784126936,-0.204199418618573,-0.198514774234968,-0.192830129851363,-0.187145485467758,-0.201543217242798,-0.215940949017839,-0.198960742523639,-0.18198053602944,-0.153621508721778,-0.125262481414116,-0.0969034541064544,-0.082040380033595,-0.0671773059607357,0,0.0197650759394971,0.0644145381795524,0.109064000419608,0.257175435341354,0.477410915340155,0.358434813978508,0.486494472539137,0.342720868045797,0.198947263552456,0.0551736590591155,0.0602474314087196,0.0653212037583237,0.0783553180846112,0.0913894324108987,0.0645963884653964,0.037803344519894,0.0110103005743916,-0.0012045465575349,-0.0134193936894614,0.0156619122197946,0.0447432181290505,-0.00885621955316019,-0.0624556572353709,-0.116055094917582,-0.0758541260816979,-0.0356531572458141,0,0,0.0227822408735942,0.0455644817471883,0.176208927491899,0.18217314166996,0.327188033786767,0.679445051823397,0.406092995080297,0.132740938337197,-0.140611118405903,-0.178648603884685,-0.216686089363466,-0.0912475167318809,0.0341910558997045,0.0501176739128052,0.0660442919259061,0.0819709099390069,0.049828391700167,0.0176858734613272,0.021203035285108,0.0247201971088889,0.0188693123142702,0.0130184275196516,0.00716754272503292,-0.0502929356568584,-0.10775341403875
0,0,0.0685097450751049,0.13701949015021,0.170853466755783,0.260506944099796,0.511842627269178,0.655506145208882,0.53511211993597,0.414718094663058,0.294324069390146,0.300270386182564,0.306216702974981,0.139712398978128,-0.0267919050187247,-0.070658097265965,-0.114524289513205,-0.158390481760446,-0.00495618393785688,0.148478113884732,0.105994644958024,0.063511176031316,0.0367948408561328,0.0100785056809496,-0.0166378294942337,0.0759618157358365,0.168561460965907,0,-0.0451020425284663,-0.0158848806136495,0.0133322813011672,0.0192349845577765,0.297340343678892,0.550276167470419,0.612384045983268,0.522316497575706,0.432248949168143,0.342181400760581,0.298477831667158,0.254774262573736,0.262022493322284,0.269270724070831,0.15144709509732,0.0336234661238096,-0.084200162849701,-0.118476617832057,-0.152753072814413,-0.116202301802986,-0.0796515307915593,-0.0797249343771379,-0.0797983379627166,-0.0798717415482953,-0.0542259500665492,-0.0285801585848031,0,0.0281483691020421,0.020178627899467,0.012208886696892,0.338674440495394,0.614414708285461,0.57060001451627,0.556142947382733,0.410363822779127,0.264584698175522,0.118805573571917,0.195074046368274,0.27134251916463,0.052965828477453,-0.165410862209724,-0.109759999181284,-0.0541091361528422,0.00154172687559885,-0.0209206966163956,-0.04338312010839,-0.0772672108375269,-0.111151301566664,-0.0573865066743504,-0.00362171178203717,0.0501430831102761,0.0277618191491517,0.00538055518802733,0,-0.00932664519890691,0.0339970851290546,0.0773208154570163,0.0448584522167909,0.858526171157106,0.304237238944053,0.439327748438069,0.30901763242859,0.17870751641911,0.0483974004096304,0.11206079904785,0.175724197686071,0.189305162475626,0.202886127265183,0.172660717303451,0.14243530734172,0.112209897379988,0.205312022639425,0.298414147898862,0.154512358783141,0.0106105696674195,0.0255647169875637,0.040518864307708,0.0554730116278522,0.0374825782654271,0.0194921449030019,0,0,0.00507946527641307,0.0101589305528261,0.0926749755303875,0.171504385106651,0.673565137252774,0.223604513334533,0.139483116599511,0.0553617198644883,-0.0287596768705338,-0.068550779588719,-0.108341882306904,-0.118192576478171,-0.128043270649438,-0.0617085671201838,0.00462613640907023,0.0709608399383243,0.127569442950967,0.184178045963609,0.213740641333707,0.243303236703805,0.354842484300354,0.466381731896904,0.577920979493453,0.380560686193311,0.183200392893168
0,0,0,0,0,0,0,0,0.0539492710674147,0.107898542134829,0.161847813202244,0.219320338143078,0.276792863083913,0.302953998005702,0.329115132927492,0.261240540127734,0.193365947327976,0.125491354528218,0.111372799464628,0.0972542444010391,0.0505700381152783,0.0038858318295174,0.00665965791519311,0.00943348400086877,0.0122073100865444,0.00742668911170581,0.00264606813686725,0,0,0,0,0,0,0.0234288858502965,0,0.139883532321149,0.279767064642297,0.419650596963446,0.556140911686367,0.692631226409287,0.573176743997294,0.4537222615853,0.340532858240789,0.227343454896278,0.114154051551767,0.0544455166464961,-0.00526301825877497,-0.043310181705651,-0.081357345152527,-0.0848335327618432,-0.0883097203711595,-0.0917859079804757,-0.0743185748923602,-0.0568512418042448,0,0,0,0,0,0,0.0953711960206338,0.180084873889961,0.183023210487559,0.185961547085156,0.188899883682754,0.112642608655587,0.0363853336284191,-0.00321032575137752,-0.0428059851311742,-0.0533886481885495,-0.0639713112459249,-0.0745539743033003,-0.0707263827698443,-0.0668987912363882,-0.0684071263520769,-0.0699154614677656,-0.0614453505852309,-0.0529752397026962,-0.0445051288201615,-0.0313555351254569,-0.0182059414307523,0,0,-9.10458017612988e-05,-0.000182091603522524,0,0,0,0.164993523919461,0.234839113874441,0.304684703829421,0.374530293784401,0.337587272402245,0.30064425102009,0.295025796160063,0.289407341300037,0.239073285902913,0.18873923050579,0.138405175108666,0.129896775838683,0.1213883765687,0.0847927023911263,0.0481970282135523,0.0481046411476382,0.0480122540817241,0.04791986701581,0.0490415122072541,0.0501631573986984,0,0,0,0,0,0,0,0,-0.0239497612953431,-0.0478995225906863,-0.0718492838860295,-0.0139144951162398,0.0440202936535498,0.0246096310161695,0.0051989683787893,-0.00468264670803643,-0.0145642617948621,-0.0244458768816879,-0.0149995175345034,-0.00555315818731911,0.0649274592095351,0.135408076606389,0.0668480325008964,-0.00171201160459659,-0.0702720557100896,0.0555683460846821,0.181408747879454
0.0041952707856598,0.0269721598530878,0.0443516280137443,0.0617310961744008,0.119856339772697,0.12346099677434,0.210955527021178,0.244410091604915,0.245756308448646,0.247102525292378,0.248448742136109,0.260788266154004,0.2731277901719,0.288751557235736,0.304375324299573,0.257088760245077,0.209802196190581,0.162515632136085,0.187195277959107,0.211874923782128,0.170462615582161,0.129050307382194,0.11678809717948,0.104525886976767,0.0922636767740532,0.0986534244839303,0.105043172193807,0.00212954747116238,-0.00195208518189885,0.0103917331442667,0.0227355514704322,0.027778367431849,0.0763970909770191,0.114133725052326,0.178217140819298,0.205518596038374,0.232820051257449,0.260121506476524,0.278800898349771,0.297480290223017,0.268179907702628,0.238879525182238,0.228686623390775,0.218493721599312,0.208300819807848,0.202897560105798,0.197494300403748,0.184774754503424,0.1720552086031,0.125845387041857,0.0796355654806128,0.0334257439193693,0.0425625045108536,0.051699265102338,0.011506700961148,0.00776138260908804,0.0370696268218943,0.0663778710347006,0.0899327647669329,0.181174134741212,0.254230404765128,0.278281665989802,0.245822240271949,0.213362814554097,0.180903388836244,0.168178331302739,0.155453273769234,0.119737376472181,0.0840214791751275,0.0725147782139795,0.0610080772528315,0.0495013762916836,0.0697170705293082,0.0899327647669329,0.0701231893867605,0.0503136140065881,0.0374682249597641,0.0246228359129402,0.0117774468661162,-0.00360994539957583,-0.0189973376652678,0.00202020202020202,0.00795778295778298,0.0222554752215769,0.0365531674853709,0.0770237138881207,0.176118310440344,0.313822163398435,0.370222323188425,0.31240702695505,0.254591730721674,0.196776434488299,0.222797071102156,0.248817707716013,0.242533768804955,0.236249829893898,0.230228512855632,0.224207195817365,0.218185878779099,0.151341807909604,0.0844977370401099,0.0711716249851843,0.0578455129302587,0.0904120152707723,0.122978517611286,0.1555450199518,0.149397879270761,0.143250738589722,0,0,0.00454717696097006,0.00909435392194017,0.0401073274441344,0.0596324815632819,0.132357397300902,0.147614908753016,0.166183262840367,0.184751616927719,0.203319971015071,0.174042533389176,0.144765095763281,0.0814675196590775,0.0181699435548742,-0.0310845280109375,-0.0803389995767491,-0.129593471142561,-0.13179747091696,-0.13400147069136,-0.101812137085248,-0.0696228034791351,-0.0636164081805437,-0.0576100128819524,-0.0516036175833612,-0.0463093002464234,-0.0410149829094856
0.0179955429921778,0.0448910532939339,0.106259921970314,0.167628790646693,0.289217342161884,0.226865650913302,0.216936469477188,0.206655331850513,0.189135562691896,0.171615793533279,0.154096024374662,0.116819595878016,0.079543167381369,0.0759598805197136,0.0723765936580582,0.0748305653306326,0.0772845370032071,0.0797385086757815,0.0822927149502058,0.0848469212246302,0.0635493785614933,0.0422518358983563,0.048005083040081,0.0537583301818058,0.0595115773235305,0.0573538759516011,0.0551961745796717,0.00579646878514252,0.0172937949883511,0.0593349197386465,0.101376044488942,0.170198435105267,0.254175820525839,0.28157334079877,0.280332291019174,0.250700833693161,0.221069376367148,0.191437919041134,0.134575727524211,0.0777135360072883,0.0645736160076679,0.0514336960080475,0.0510326660308392,0.0506316360536309,0.0502306060764227,0.0488266848241273,0.0474227635718319,0.0499249106757328,0.0524270577796336,0.0354515719331211,0.0184760860866086,0.00150060024009604,-0.00695056678798002,-0.0154017338160561,0.0106009705113848,0.0458753266144084,0.107745427398283,0.169615528182158,0.236506159014558,0.236730123180291,0.233221351250467,0.219074281448302,0.162535772054249,0.105997262660197,0.0494587532661441,0.0299738708473311,0.0104889884285181,0.0105263157894737,0.0105636431504293,0.00588528057732985,0.00120691800423043,-0.00347144456886898,5.59910414333696e-05,0.00358342665173572,3.73273609555802e-05,-0.00350877192982455,-0.0129401517979346,-0.0223715316660445,-0.0318029115341545,-0.0282568122433744,-0.0247107129525943,-0.000742358702014365,0.0228929623443307,0.0465826026614623,0.0702722429785938,0.183193007384118,0.249452482464855,0.301707816908367,0.225186184514207,0.167217002104376,0.109247819694545,0.0512786372847139,0.0601529309312487,0.0690272245777835,0.0636262011193045,0.0582251776608255,0.0555010216762956,0.0527768656917657,0.0500527097072358,0.0591788230703362,0.0683049364334367,0.0555687539766717,0.0428325715199067,0.0362831454622765,0.0297337194046462,0.023184293347016,0.0231200367708292,0.0230557801946424,0.00440205429200293,-0.00321769206582122,0.0240770825326951,0.0513718571312115,0.120403948650464,0.12137985380832,0.151208947479429,0.0771066650621554,0.0437652444744644,0.0104238238867733,-0.0229175967009178,-0.0168043117358353,-0.0106910267707529,-0.0425151490448629,-0.0743392713189729,-0.0735283461500141,-0.0727174209810552,-0.0719064958120962,-0.0896022817702935,-0.107298067728491,-0.102548843781419,-0.0977996198343472,-0.071596182470887,-0.0453927451074268,-0.0191893077439666,-0.0184934480300095,-0.0177975883160525
0.00279377226250984,0.0362712011965049,0.112614244520556,0.188957287844606,0.231395020106276,0.281340233414387,0.214929861436749,0.219438668003071,0.165529110314734,0.111619552626396,0.0577099949380585,0.0440332114131301,0.0303564278882017,0.0481737335621526,0.0659910392361034,0.0833138648997569,0.10063669056341,0.117959516227064,0.0957518028373246,0.0735440894475856,0.0652333464976442,0.0569226035477028,0.0745976992022099,0.092272794856717,0.109947890511224,0.0901931262148064,0.0704383619183888,0,0.00864844831523641,0.0465115876347052,0.084374726954174,0.170293636095644,0.288353790144806,0.314651048708633,0.30958235497883,0.254523596861831,0.199464838744831,0.144406080627832,0.0927377111672978,0.0410693417067636,0.0680260705544676,0.0949827994021716,0.0813555073327908,0.0677282152634101,0.0541009231940293,0.043301300422667,0.0325016776513047,0.0516575868217154,0.0708134959921261,0.0419861825901472,0.0131588691881681,-0.0156684442138109,-0.0174190812507003,-0.0191697182875897,0,0.0100861657722225,0.0580140481053247,0.105941930438427,0.205434820360272,0.227190643559819,0.252923680571897,0.255208191157642,0.195977660692203,0.136747130226764,0.0775165997613248,0.0416082703583935,0.00569994095546223,0.0283960374170543,0.0510921338786465,0.0457343101918734,0.0403764865051002,0.0350186628183271,0.0247507271964453,0.0144827915745635,0.00681506845588668,-0.000852654662790121,-0.0163277703262682,-0.0318028859897462,-0.0472780016532243,-0.0383099531166218,-0.0293419045800193,-0.0269035514516031,-0.0347927855683882,-0.00276895574303215,0.0292548740823239,0.169529397215845,0.276101314393081,0.234840801015011,0.19136258107493,0.1337136453373,0.0760647095996704,0.0184157738620405,0.0390701264150171,0.0597244789679937,0.0492669519519607,0.0388094249359277,0.04579829755572,0.0527871701755122,0.0597760427953045,0.0569962002408559,0.0542163576864073,0.0523909801443229,0.0505656026022385,0.0424170749749904,0.0342685473477425,0.0261200197204945,0.0181950024783166,0.0102699852361388,0.00111207720944802,-0.000344629103124,0.0163179090069152,0.0329804471169544,0.115713912367744,0.125392064013627,0.12927482954756,0.0325249157790201,0.020081018074718,0.00763712037041587,-0.00480677733388622,0.00196171549792336,0.00873020832973292,-0.0284835517182994,-0.0656973117663317,-0.0696151932087033,-0.0735330746510749,-0.0774509560934465,-0.0957111007139865,-0.113971245334526,-0.111409665159905,-0.108848084985283,-0.1001627107434,-0.0914773365015161,-0.0827919622596328,-0.0756355896548076,-0.0684792170499824
0,0,0,0,0,0,0,0.00239381000390723,0.0414260153716567,0.0804582207394062,0.119490426107156,0.169705036865626,0.219919647624097,0.198899765451132,0.177879883278168,0.192999310532804,0.20811873778744,0.223238165042076,0.186892921583662,0.150547678125247,0.162729987140696,0.174912296156145,0.151753546624949,0.128594797093754,0.105436047562558,0.225870648278474,0.346305248994391,0,0,0,0,0,0,0.00198897716519153,0,0.0156576816795175,0.031315363359035,0.0469730450385526,0.107189008181359,0.167404971324165,0.260984387871556,0.354563804418947,0.339947142650701,0.325330480882454,0.310713819114207,0.232357917241513,0.15400201536882,0.171303579321679,0.188605143274537,0.105176576425516,0.021748009576494,-0.0616805572725275,-0.0376061827868636,-0.0135318083011996,0,0,0,0,0,0,0.00991613415473965,0.0212854939752239,0.0887498720067212,0.156214250038218,0.223678628069716,0.172880435851427,0.122082243633138,0.119207043851083,0.116331844069028,0.157755993071587,0.199180142074146,0.240604291076705,0.222210866953941,0.203817442831178,0.237818216391808,0.271818989952439,0.209332251419588,0.146845512886738,0.0843587743538873,0.0638096737540656,0.0432605731542439,0,-0.0203222770647132,-0.0178577679675543,-0.0153932588703953,0,0,0,0.0212685054569239,0.0404693444574741,0.0596701834580244,0.0788710224585746,0.0796199034943827,0.0803687845301906,0.0282916161935674,-0.0237855521430557,-0.023282392653974,-0.0227792331648922,-0.0222760736758105,-0.0179224295243335,-0.0135687853728565,-0.037691801452415,-0.0618148175319736,-0.0465905394404813,-0.0313662613489889,-0.0161419832574966,-0.0224151265607065,-0.0286882698639164,0,0,0,0,0,0,0,0,0.0026913870445679,0.00538277408913577,0.00807416113370369,-0.0366140457333299,-0.0813022526003635,-0.123622546195144,-0.165942839789925,-0.177969552409268,-0.18999626502861,-0.202022977647953,-0.204765601894562,-0.207508226141172,-0.231442246866455,-0.255376267591738,-0.192567970851882,-0.129759674112026,-0.0669513773721706,-0.0883989307809298,-0.109846484189689
0,0,0,0,0,0,0,0.07487592216648,0.102681837965595,0.13048775376471,0.158293669563825,0.191535384518301,0.224777099472777,0.270266776611594,0.31575645375041,0.283804297020914,0.251852140291419,0.219899983561923,0.20762009448737,0.195340205412816,0.167995692979939,0.140651180547063,0.130521471908721,0.12039176327038,0.110262054632038,0.136458878210476,0.162655701788913,0,0,0,0,0,0,0.0123156958305198,0,0.0674976931694545,0.134995386338909,0.202493079508363,0.282860861157122,0.363228642805881,0.395305822771707,0.427383002737534,0.388418833921937,0.34945466510634,0.310490496290743,0.266647676620801,0.222804856950859,0.205022307923192,0.187239758895524,0.125029359538732,0.06281896018194,0.000608560825148121,0.0118076266516908,0.0230066924782334,0,0,0,0,0,0,0.0583200429106708,0.0982971426693945,0.0813873238161692,0.0644775049629439,0.0475676861097185,0.0283439427973278,0.00912019948493711,0.0436017725678229,0.0780833456507087,0.0775396865439793,0.0769960274372498,0.0764523683305203,0.0753389482039441,0.0742255280773679,0.0674240534986842,0.0606225789200005,0.0502526679703337,0.0398827570206668,0.029512846071,0.0208126486827913,0.0121124512945828,0,-0.0318244080451714,-0.0318244080451714,-0.0318244080451714,0,0,0,0.0666711666989393,0.103091072377573,0.139510978056206,0.17593088373484,0.184833786742086,0.193736689749332,0.216195581717904,0.238654473686475,0.204213449136857,0.169772424587239,0.135331400037621,0.127668882672088,0.120006365306554,0.0896988935696147,0.0593914218326755,0.0609272998030378,0.0624631777734001,0.0639990557437624,0.084040701560001,0.10408234737624,0,0,0,0,0,0,0,0,-0.0118536652559797,-0.0237073305119593,-0.035560995767939,0.00462925760186855,0.0448195109716762,-0.0304980102830669,-0.10581553153781,-0.135396080532031,-0.164976629526252,-0.194557178520474,-0.209214660307399,-0.223872142094324,-0.185428351831211,-0.146984561568099,-0.164840965776349,-0.182697369984599,-0.200553774192849,-0.104255731533109,-0.0079576888733691
0,0,0,0,0,0,0,0.175562234609135,0.186247549392433,0.196932864175731,0.207618178959029,0.202350457419327,0.197082735879626,0.235889203678899,0.274695671478172,0.223844981953663,0.172994292429154,0.122143602904645,0.11796359035874,0.113783577812836,0.11624929333862,0.118715008864404,0.099617406817605,0.080519804770806,0.061422202724007,0.103773718365083,0.146125234006159,0,0,0,0,0,0,0.0251330606794272,0,0.0952897576938697,0.190579515387739,0.285869273081609,0.351136124469792,0.416402975857974,0.384269057311238,0.352135138764502,0.318284997067849,0.284434855371195,0.250584713674541,0.221105870525586,0.191627027376631,0.171492778512607,0.151358529648584,0.111408137157258,0.0714577446659316,0.0315073521746054,0.0686443057751692,0.105781259375733,0,0,0,0,0,0,0.12049466569151,0.151446129458841,0.113225711631646,0.0750052938044509,0.0367848759772556,0.0037237485727887,-0.0293373788316781,0.0130978660810395,0.0555331109937571,0.0594165512123769,0.0632999914309968,0.0671834316496166,0.0766580810899572,0.0861327305302978,0.0869472316854953,0.0877617328406928,0.0847886050795422,0.0818154773183916,0.078842349557241,0.0685992881798013,0.0583562268023615,0,-0.0631838096938446,-0.0650314061709144,-0.0668790026479842,0,0,0,0.0758106055087009,0.102245569550876,0.128680533593051,0.155115497635225,0.171572061895557,0.188028626155889,0.171455911367902,0.154883196579915,0.116325505765198,0.0777678149504817,0.039210124135765,0.00512147392104734,-0.0289671762936704,-0.0466434653773873,-0.0643197544611041,-0.052572973933259,-0.0408261934054138,-0.0290794128775686,0.00307276718587181,0.0352249472493122,0,0,0,0,0,0,0,0,-0.0102069435254696,-0.0204138870509392,-0.0306208305764088,0.0209327959704921,0.0724864225173929,0.02170026079794,-0.0290859009215127,-0.0671863973298145,-0.105286893738116,-0.143387390146418,-0.154186920294911,-0.164986450443405,-0.123338840915992,-0.0816912313885791,-0.139800928873578,-0.197910626358578,-0.256020323843577,-0.146957626045243,-0.037894928246909
0.0015513786467866,0.0036245217314875,0.00770088214292562,0.0117772425543638,0.0271821854192261,0.0253597561798035,0.0404791843705766,0.0463407634234482,0.0666120762354798,0.0868833890475113,0.107154701859543,0.177718285321901,0.24828186878426,0.290965236063279,0.333648603342299,0.282416139586181,0.231183675830063,0.179951212073946,0.184915157675797,0.189879103277649,0.171529012851114,0.153178922424579,0.077590833909813,0.00200274539504702,-0.0735853431197189,-0.0548661858879781,-0.0361470286562373,0.000348503753863968,0.000970454468374255,0.00495108750606416,0.00893172054375421,0.0204243158047903,0.0636096064245213,0.0762522651387387,0.104097639350019,0.125995203981267,0.147892768612516,0.169790333243764,0.211952798772043,0.254115264300322,0.273062983525974,0.292010702751626,0.3271305489236,0.362250395095574,0.397370241267549,0.360906759820901,0.324443278374253,0.360632300009868,0.396821321645483,0.375870236185458,0.354919150725434,0.333968065265409,0.28744360129714,0.240919137328872,0.000347997335968119,0.00099448476359119,0.00299972977169788,0.00500497477980464,0.0123531002589575,0.0197766459944414,0.0300703623389909,0.0314247987335107,0.0283916519851695,0.0253585052368284,0.0223253584884873,0.0266961536128792,0.0310669487372711,0.0472690432917462,0.0634711378462214,0.0642730910213886,0.0650750441965558,0.065876997371723,0.0691701140869479,0.0724632308021728,0.0771551886025952,0.0818471464030176,0.0387055127616038,-0.0044361208798099,-0.0475777545212236,-0.0279304038801449,-0.00828305323906607,0.00101190900193493,0.00178920318194262,0.0074480339760851,0.0131068647702277,0.0249808858303344,0.0651330350749668,0.0709620407001801,0.0932861055797582,0.0876578904837087,0.0820296753876592,0.0764014602916098,0.158228026424995,0.240054592558381,0.176914331268802,0.113774069979222,0.0827805949826779,0.0517871199861338,0.0207936449895897,-0.0208691678846774,-0.0625319807589447,-0.075514814240609,-0.0884976477222733,-0.0727978016506334,-0.0570979555789934,-0.0413981095073535,-0.0809256665895624,-0.120453223671771,0.00048804304724701,0.000206886340426993,0.00130902098486788,0.00241115562930886,0.0197731400658293,0.0105637859129516,0.0365039899586304,0.0308645915678966,0.0218183814123395,0.0127721712567823,0.00372596110122517,0.00141427417957197,-0.000897412742081335,0.00715959712212209,0.0152166069863256,-0.0204445986822224,-0.0561058043507703,-0.0917670100193184,-0.109438429723709,-0.127109849428099,-0.114345074521917,-0.101580299615734,-0.171799981991294,-0.242019664366854,-0.312239346742415,-0.296771086629705,-0.281302826516996
0.0198907284578825,0.0229066579212814,0.0395495689113177,0.056192479901354,0.0430710732602572,0.0202632147574677,0.0629055355083273,0.0733953177541179,0.0521670915594365,0.0309388653647551,0.00971063917007354,0.120582291225931,0.231453943281787,0.26668067403312,0.301907404784452,0.239970159083347,0.178032913382242,0.116095667681136,0.121304263137762,0.126512858594388,0.122232577713436,0.117952296832484,0.0378705907244183,-0.0422111153836474,-0.122292821491713,-0.0994331504452058,-0.0765734793986984,0.00203588239481897,0.00580741377198204,0.0116125697520284,0.0174177257320747,0.0609738072042914,0.107153805653411,0.0934861401287954,0.0839893688800292,0.101967356232843,0.119945343585658,0.137923330938472,0.190004884378508,0.242086437818544,0.260655720723128,0.279225003627713,0.311897197935991,0.344569392244269,0.377241586552547,0.340911268124135,0.304580949695723,0.333621355891367,0.362661762087012,0.349782436574838,0.336903111062664,0.32402378555049,0.285309281608003,0.246594777665516,0.00676644592052996,0.0123130519298065,0.00858599384608315,0.00485893576235985,0.0120474449292287,0.0360543785939358,0.0278732998065688,0.0132448783187518,0.014002475628943,0.0147600729391341,0.0155176702493253,0.0211176700958808,0.0267176699424365,0.0451218282216928,0.0635259865009492,0.0647406248654529,0.0659552632299564,0.0671699015944601,0.0703647354746546,0.0735595693548491,0.0815271313183129,0.0894946932817766,0.0511184354210078,0.012742177560239,-0.0256340803005299,-0.00895637283958551,0.00772133462135885,0.0167411777559843,0.0199384507330075,0.0536117522659891,0.0872850537989706,0.0719001916413475,0.0678247178181328,0.0515864594980532,0.0555699524378618,0.0537306097972941,0.0518912671567267,0.0500519245161591,0.11927877871645,0.188505632916741,0.126619762875296,0.0647338928338521,0.0349812951479384,0.00522869746202466,-0.0245239002238892,-0.0612062994400068,-0.0978886986561245,-0.104999120165934,-0.112109541675744,-0.100126062121488,-0.0881425825672316,-0.0761591030129755,-0.115691294159795,-0.155223485306614,0.000662632032839507,-0.000743269588724279,0.00380540535110177,0.00835408029092782,0.0741540991273526,0.0153695360337447,0.0448263401998115,0.0356117041245907,0.0231405015015666,0.0106692988785425,-0.00180190374448162,-0.00369270255816135,-0.00558350137184108,0.0148324154611786,0.0352483322941983,-0.000971044396298516,-0.0371904210867952,-0.073409797777292,-0.0563785942982304,-0.039347390819169,-0.0293498742120941,-0.0193523576050193,-0.108731404576235,-0.19811045154745,-0.287489498518665,-0.268251146652041,-0.249012794785417
0.002518446368354,0.0129546488582494,0.0377372092380767,0.0625197696179039,0.125707390199105,0.166903375163461,0.219406291805033,0.209213256468526,0.188916839281336,0.168620422094147,0.148324004906958,0.156941465976156,0.165558927045354,0.164821836446058,0.164084745846762,0.134702600937764,0.105320456028765,0.0759383111197665,0.0799046594127315,0.0838710077056964,0.0277995155644181,-0.0282719765768602,-0.0456870983215971,-0.0631022200663341,-0.080517341811071,-0.0856591120289051,-0.0908008822467391,0.00141922901522498,-0.00780575958373737,0.00582765872167597,0.0194610770270894,0.0528414404781108,0.340890696803069,0.384431737182201,0.342795551645962,0.287475733861992,0.232155916078022,0.176836098294053,0.163707702359472,0.150579306424891,0.150848280908528,0.151117255392165,0.220419308874659,0.289721362357153,0.359023415839648,0.292512984382774,0.2260025529259,0.236197839758467,0.246393126591033,0.192594519211869,0.138795911832705,0.0849973044535404,0.127548381285985,0.17009945811843,0.00693290717825523,0.0243940193522812,0.0273090379793187,0.0302240566063561,0.0850540475817489,0.114215978080063,0.121323798857502,0.115102727888151,0.081703676988131,0.0483046260881106,0.0149055751880904,0.0340329625672888,0.0531603499464874,0.0450513705826504,0.0369423912188135,0.0542288174946526,0.0715152437704917,0.0888016700463309,0.00700062547687353,-0.0748004190925839,-0.0883183582257725,-0.101836297358961,-0.141787104729533,-0.181737912100104,-0.221688719470676,-0.217898503144698,-0.214108286818721,0.0030930246320411,0.000122603832786576,0.0227293656089979,0.0453361273852093,0.0547274545654703,0.148376078104736,0.137799828828788,0.177809778967308,0.160533708167625,0.143257637367943,0.12598156656826,0.173934754415411,0.221887942262562,0.10849491454382,-0.00489811317492196,-0.0546979905786256,-0.104497867982329,-0.154297745386033,-0.125314202706063,-0.0963306600260935,-0.0976529526204608,-0.0989752452148282,-0.104561844248059,-0.11014844328129,-0.115735042314521,-0.162539101705474,-0.209343161096427,0,0,0.0049640136459966,0.00992802729199324,0.0813713989452077,0.0422920715966965,0.123692974877865,0.208033028845931,0.190745957221415,0.173458885596899,0.156171813972383,0.109838232601583,0.0635046512307826,0.0561830680055415,0.0488614847803005,0.0510639690187102,0.0532664532571201,0.05546893749553,0.0686488097756873,0.0818286820558447,0.0393036000519514,-0.00322148195194189,-0.060824937582159,-0.118428393212376,-0.176031848842593,-0.210969952988449,-0.245908057134304
0,0,0,0,0,0,0,0.00152798999861091,0.0291738050037814,0.0568196200089519,0.0844654350141223,0.107559966788893,0.130654498563664,0.0982642185843924,0.0658739386051209,0.0377613751952273,0.0096488117853338,-0.0184637516245597,-0.109026875244596,-0.199589998864632,-0.131385257084793,-0.0631805153049542,-0.128838163088354,-0.194495810871754,-0.260153458655153,-0.165381226844672,-0.0706089950341911,0,0,0,0,0,0,0.00130232558139535,0,0.0233479367839289,0.0466958735678579,0.0700438103517869,0.168338337421471,0.266632864491156,0.265122354353608,0.263611844216061,0.242996750188882,0.222381656161704,0.201766562134526,0.11841213090322,0.035057699671914,0.0513481748274185,0.067638649982923,0.0013931512473134,-0.0648523474882962,-0.131097846223906,-0.0935547396528705,-0.0560116330818352,0,0,0,0,0,0,0.00788954635108481,0.0243556595270856,0.0518792303642216,0.0794028012013575,0.106926372038494,0.0263710526698444,-0.0541842666988045,-0.0988933513837636,-0.143602436068723,-0.155017542320381,-0.166432648572039,-0.177847754823697,-0.217528917287181,-0.257210079750665,-0.267730715380154,-0.278251351009644,-0.328562283883846,-0.378873216758048,-0.429184149632251,-0.436825021977705,-0.444465894323159,0,-0.00256209150326795,-0.001921568627451,-0.00128104575163398,0,0,0,0.0338070089007127,0.0510721163751019,0.0683372238494911,0.0856023313238803,0.12923042746986,0.17285852361584,0.0515431058579152,-0.0697723119000092,-0.0979018581182341,-0.126031404336459,-0.154160950554684,-0.151027213401437,-0.147893476248191,-0.164927314253061,-0.18196115225793,-0.183008612849582,-0.184056073441235,-0.185103534032887,-0.223110176321527,-0.261116818610168,0,0,0,0,0,0,0,0,0.000339007949736441,0.00067801589947289,0.00101702384920928,-0.0899111234158441,-0.180839270680898,-0.192456366851803,-0.204073463022708,-0.20301086928544,-0.201948275548173,-0.200885681810905,-0.199440742822919,-0.197995803834933,-0.217300093603862,-0.23660438337279,-0.257005819008678,-0.277407254644566,-0.297808690280454,-0.361432666429361,-0.425056642578268
0.00663768253112571,0.016276643618809,0.0506826942070326,0.0850887447952562,0.183084474322709,0.038426810486483,0.0833671512594156,0.109565620850775,0.0885244042624481,0.0674831876741219,0.0464419710857957,-0.00711332687001999,-0.0606686248258356,0.0425739360045108,0.145816496834857,0.120799770174434,0.0957830435140117,0.0707663168535889,0.06555629125894,0.0603462656642913,-0.132321687294293,-0.324989640252878,-0.309697805637222,-0.294405971021567,-0.279114136405911,0.0327826846452909,0.344679505696493,0,0.00114219469643108,0.0158896684055885,0.030637142114746,0.0806763121150602,0.171739464389222,0.151631794002005,0.0684974173155501,0.0330569599229429,-0.00238349746966402,-0.037823954862271,-0.0440520134659368,-0.0502800720696026,0.0385196035600785,0.127319279189759,0.107791790042555,0.0882643008953497,0.0687368117481447,0.114632859055957,0.160528906363769,0.0684528163966912,-0.0236232735703864,-0.0777998859754571,-0.131976498380528,-0.186153110785599,-0.156243346268171,-0.126333581750743,0,0.000641025641025639,0.0444025854526805,0.0881641452643353,0.233183708468802,0.138355716145561,0.423112835365075,0.3333050792391,0.203941397798308,0.0745777163575155,-0.054785965083277,0.111512789183845,0.277811543450968,-0.133612074187013,-0.545035691824994,-0.60994190215613,-0.674848112487265,-0.739754322818401,-0.837733574914541,-0.935712827010682,-1.06419016919967,-1.19266751138866,-0.994294606852305,-0.795921702315946,-0.597548797779588,-0.588190165718675,-0.578831533657762,-0.000798403193612796,2.77555756156289e-17,0.0281301515980027,0.0562603031960053,0.107368291245036,0.0510059624106507,0.0613873424414633,0.0984930137636049,0.148348323415017,0.19820363306643,0.248058942717843,0.117316236393599,-0.013426469930645,0.0720157787757774,0.1574580274822,0.114110656234405,0.0707632849866095,0.0274159137388144,-0.0108454778683416,-0.0491068694754976,-0.0907936615333813,-0.132480453591265,-0.133771110638732,-0.135061767686199,-0.136352424733666,-0.0989454229994689,-0.0615384212652716,0.000928544295783565,-0.000538793103448291,0.00190084699782981,0.00434048709910778,0.0673394117910958,0.0276990089058792,0.111298575912333,0.0751108189651483,0.0270055352819776,-0.0210997484011929,-0.0692050320843635,-0.106217225813797,-0.143229419543231,-0.0872149171076465,-0.0312004146720625,-0.0790839801808231,-0.126967545689584,-0.174851111198345,-0.0919186909827606,-0.00898627076717655,0.00912670257716788,0.0272396759215124,-0.0422352992046572,-0.111710274330827,-0.181185249456996,-0.157976346027669,-0.134767442598342
0,0,0,0,0,0,0,0,0.0816129799084711,0.163225959816942,0.244838939725413,0.157321291465918,0.0698036432064233,0.108123976634952,0.146444310063481,-0.0108187508439351,-0.168081811751351,-0.325344872658767,-0.154126589753413,0.0170916931519411,0.0678356613818774,0.118579629611814,0.0555842039471342,-0.00741122171754546,-0.070406647382225,-0.164497105552256,-0.258587563722287,0,0,0,0,0,0,0,0,0.117640546449696,0.235281092899391,0.352921639349087,0.501670425744176,0.650419212139265,0.621531167793405,0.592643123447544,0.373800543876622,0.154957964305701,-0.0638846152652208,-0.0216084665312939,0.0206676822026329,-0.0296449833632469,-0.0799576489291267,-0.0377608140262704,0.00443602087658596,0.0466328557794423,-0.0365370368530977,-0.119706929485638,0,0,0,0,0,0,0.0159459701053909,-0.0677504081715032,0.152988092972015,0.373726594115533,0.594465095259051,-0.190267038134816,-0.974999171528683,-1.07688459667286,-1.17877002181703,-1.0662445468293,-0.953719071841564,-0.841193596853831,-0.757328011048612,-0.673462425243394,-0.642351122365935,-0.611239819488476,-0.543835180239986,-0.476430540991495,-0.409025901743005,-0.248234603588411,-0.0874433054338161,0,0,0,0,0,0,0,0.234842336453762,0.256582093689401,0.27832185092504,0.300061608160679,0.544138932865837,0.788216257570996,0.55727730221496,0.326338346858923,0.20775295210004,0.0891675573411564,-0.0294178374177269,0.0689446044549413,0.167307046327609,0.125514167681708,0.0837212890358074,0.0906112842040231,0.0975012793722388,0.104391274540454,-0.0204399047568881,-0.145271084054231,0,0,0,0,0,0,0,0,0.011210188361131,0.0224203767222622,0.0336305650833932,-0.199307840632877,-0.432246246349147,-0.26996097027598,-0.107675694202814,-0.12676441605099,-0.145853137899165,-0.164941859747341,-0.071723879332982,0.0214941010813769,-0.287967403564755,-0.597428908210888,-0.467708430754732,-0.337987953298577,-0.208267475842422,-0.157846667179473,-0.107425858516523
0.578939141181312,0.51059520400575,-0.0838854199334005,-0.678366043872551,0.0360086711837111,0.0647807384383386,0.0817144875309591,0.059112862043464,0.0619319562829942,0.0647510505225243,0.0675701447620543,0.0450242682981888,0.0224783918343233,0.114044635810233,0.205610879786142,0.177032690805156,0.14845450182417,0.119876312843184,0.168006419440279,0.216136526037375,0.326076518825433,0.436016511613491,0.353172049931058,0.270327588248624,0.187483126566191,0.344009836556676,0.500536546547162,0,0.202155334252418,0.103925306664787,0.00569527907715576,0.0385527223444366,0.0714399618124246,0.0572455085488561,0.0802210920270931,0.0769997012393016,0.0737783104515102,0.0705569196637187,0.0832429297536063,0.0959289398434936,0.122954158418073,0.149979376992652,0.203086291623574,0.256193206254497,0.30930012088542,0.326665098436425,0.344030075987429,0.394750802954647,0.445471529921865,0.382121589285066,0.318771648648266,0.255421708011466,0.350447905984527,0.445474103957588,0,1.09650001595253e-05,0.0309013773116174,0.0617917896230754,-0.00307058644748405,-0.0752047356478602,-0.0258736944307528,0.0081781222964559,-0.0514906132767206,-0.111159348849897,-0.170828084423074,-0.146278433151192,-0.12172878187931,-0.0226226151899185,0.0764835514994731,0.067792587183351,0.0591016228672289,0.0504106585511068,0.0619771706377763,0.0735436827244458,0.136536122658144,0.199528562591842,0.134027860797051,0.0685271590022597,0.0030264572074684,0.00299527208671467,0.00296408696596092,-0.318189652105871,-0.0934655301691681,-0.115162871704212,-0.136860213239256,0.0164062811555001,0.0462798059980441,0.0483660415101808,-0.0082660924011546,-0.0616405557411381,-0.115015019081122,-0.168389482421105,-0.119608333397764,-0.0708271843744239,-0.116496456205425,-0.162165728036427,-0.161830128120672,-0.161494528204917,-0.161158928289163,-0.207030607546346,-0.252902286803529,-0.247292815635751,-0.241683344467972,-0.204923834393693,-0.168164324319413,-0.131404814245134,-0.11517842921577,-0.0989520441864065,0.0162183011627919,-0.0132674767364102,0.237215464471162,0.487698405678734,0.0919965774928355,-0.0069255584132699,-0.0838304210139426,-0.0334634366994731,-0.0226447846376158,-0.0118261325757585,-0.00100748051390129,-0.0188908096233509,-0.0367741387328007,-0.0569857184320177,-0.0771972981312345,-0.126342727762805,-0.175488157394375,-0.224633587025945,-0.279473551238086,-0.334313515450228,-0.369760956898547,-0.405208398346868,-0.401197140390363,-0.397185882433858,-0.393174624477354,-0.405131893969386,-0.417089163461419
2.78993637061484,-0.24549475913712,-0.60772244227072,-0.969950125404319,0.07691101321677,0.218701577583909,0.178291820634364,0.167436945485667,0.136117427467311,0.104797909448955,0.0734783914305994,0.103591196437554,0.133704001444508,0.247214561175786,0.360725120907063,0.303552232120553,0.246379343334042,0.189206454547531,0.294418082734639,0.399629710921747,0.489496348590875,0.579362986260003,0.554034040151306,0.528705094042607,0.503376147933909,0.576943072915597,0.650509997897285,0,0.297665491169813,0.146533450087573,-0.00459859099466635,0.042867647070601,0.0265023797963559,0.0320430414588494,0.0241754956583193,0.0262696473283505,0.0283637989983817,0.0304579506684127,0.0450930546315383,0.0597281585946638,0.119489291917621,0.179250425240578,0.252423637980383,0.325596850720188,0.398770063459992,0.442920563356338,0.487071063252684,0.565017835778889,0.642964608305093,0.570682800161232,0.49840099201737,0.426119183873509,0.455275890853037,0.484432597832565,0,0,0.0190261251910029,0.0380522503820058,0.00256719328934933,-0.0622457411249314,-0.00781000814288633,0.00652103288177692,-0.00192906941014915,-0.0103791717020751,-0.0188292739940012,-0.0091948019572935,0.000439670079414231,0.0378280234216379,0.0752163767638614,0.106485519175901,0.137754661587941,0.16902380399998,0.215537426299356,0.262051048598731,0.326334655880876,0.390618263163022,0.316854499365849,0.243090735568676,0.169326971771503,0.148324760987394,0.127322550203285,-0.195620008124911,-0.0816721663542466,-0.0206653256480759,0.0403415150580948,0.00936204582459887,0.0322373357093566,0.0191089699843245,0.00838813147949506,-0.0207585229992214,-0.049905177477938,-0.0790518319566546,-0.0382975635438601,0.00245670486893449,-0.00613884188190941,-0.0147343886327533,-0.0177223282677558,-0.0207102679027585,-0.023698207537761,-0.0586141678851696,-0.0935301282325783,-0.111997452544474,-0.130464776856369,-0.0997389749543891,-0.0690131730524087,-0.0382873711504282,-0.0369880701385402,-0.0356887691266523,0.0521748007122127,-0.0790641444217351,0.400194958670175,0.879454061762085,0.283987972691808,-0.0612663187995431,-0.00285128613624877,-0.0291667119935336,0.0440943377667802,0.117355387527094,0.190616437287407,0.102535222319538,0.0144540073516689,-0.0064089914381037,-0.0272719902278762,-0.0847061544271727,-0.142140318626469,-0.199574482825766,-0.222572181433861,-0.245569880041956,-0.275952495364108,-0.30633511068626,-0.297242585231463,-0.288150059776667,-0.27905753432187,-0.282282974166689,-0.285508414011507
0,0,0.0404922358097086,0.0809844716194172,0,0.0289154961888108,-0.0232126718727817,0.124026890843411,0.032175835517408,-0.0596752198085949,-0.151526275134598,-0.00408623336748944,0.143353808399619,0.230263702642166,0.317173596884712,0.260947286635073,0.204720976385434,0.148494666135794,-0.185602805604123,-0.51970027734404,0.425821465731031,1.3713432088061,0.912162362293094,0.452981515780086,-0.00619933073292255,-0.0274202901777103,-0.0486412496224979,0,0,0.00447661501228368,0.00895323002456734,0,0.0311137729825969,0.0107580643778884,0.0331977550265242,0.0244105047555471,0.0156232544845699,0.00683600421359275,0.0264928236927081,0.0461496431718235,0.0451419518058828,0.044134260439942,0.100008475280378,0.155882690120814,0.211756904961249,0.375425973775647,0.539095042590044,0.673757455640081,0.808419868690117,1.10948061975089,1.41054137081167,1.71160212187245,1.69326464797551,1.67492717407858,0,0,0,0,0,-0.215061499344019,-0.347735955160566,-0.135284714108289,-0.345414684126993,-0.555544654145697,-0.765674624164401,-0.632475021536221,-0.499275418908041,-0.276993963051705,-0.0547125071953696,0.11704494563558,0.28880239846653,0.460559851297479,0.282667732550073,0.104775613802667,0.949787321145425,1.79479902848818,1.75279420629286,1.71078938409753,1.66878456190221,1.76969478616257,1.87060501042294,0,-0.0114003908575457,-0.0232649230709739,-0.035129455284402,0.00133443716251234,0.00162151093033432,0,-0.0344142096719373,-0.0400974369076124,-0.0457806641432876,-0.0514638913789627,0.0248344471896491,0.101132785758261,0.0945165728164851,0.0879003598747093,0.0419622239436022,-0.0039759119875048,-0.0499140479186119,-0.233726094274905,-0.417538140631198,-0.382007675261029,-0.346477209890861,-0.329635434087474,-0.312793658284086,-0.295951882480699,-0.412811911191683,-0.529671939902667,0,0,0,0,0,0,0.000587686719780474,0.012514457221614,0.0166728271900521,0.0208311971584902,0.0249895671269284,0.136725936887738,0.248462306648548,0.00263789722763477,-0.243186512193279,-0.162152121469686,-0.0811177307460929,-8.33400224998705e-05,-0.127381335501418,-0.254679330980335,-0.0715586993693135,0.111561932241708,-0.0221490622786358,-0.15586005679898,-0.289571051319324,-0.406823797848449,-0.524076544377574
0.0267345460422301,0.20003369290635,0.250505134193668,0.300976575480986,0.601058810539312,0.28913251188102,0.303283690876654,0.363073463967847,0.228804222145131,0.0945349803224152,-0.0397342615003007,0.0849122625865089,0.209558786673319,0.21301371276646,0.216468638859601,0.180380460543292,0.144292282226982,0.108204103910673,0.172353961032026,0.23650381815338,0.263546536652925,0.29058925515247,0.240455044175135,0.190320833197801,0.140186622220467,0.153783260282494,0.167379898344522,0.0114720381386788,-0.0148977161939787,0.0223545506423339,0.0596068174786465,0.135420120492049,0.194756630514684,0.259171131008379,0.343723657061617,0.218784133808995,0.0938446105563723,-0.0310949126962503,0.0301673061451044,0.091429524986459,0.1563447672132,0.22126000943994,0.225721738672323,0.230183467904706,0.234645197137088,0.242584744440881,0.250524291744673,0.28173242970449,0.312940567664307,0.306204136485572,0.299467705306837,0.292731274128102,0.283538408983277,0.274345543838453,0.239928945700127,0.0747102101532241,0.281063588390322,0.487416966627419,0.417574845326045,0.45437831289496,0.196799268635947,0.0161735094807832,-0.000226714859885137,-0.0166269392005535,-0.0330271635412218,0.0857541168004651,0.204535397142152,0.243314203722642,0.282093010303132,0.356282487631505,0.430471964959879,0.504661442288252,0.608835498290316,0.71300955429238,0.852072784373594,0.991136014454807,1.01169685019499,1.03225768593517,1.05281852167536,0.959718299954864,0.86661807823437,0.0685812776894331,0.038768021779801,0.0990450544266328,0.159322087073465,0.303333227645032,0.237090214540676,0.278161144895392,0.143415990457729,0.097699386651168,0.051982782844607,0.00626617903804594,0.0371968048875854,0.0681274307371249,0.040242598209791,0.0123577656824571,0.0349445714061337,0.0575313771298103,0.0801181828534869,0.0727271876147037,0.0653361923759205,0.0511693788056924,0.0370025652354643,0.0357535272405249,0.0345044892455855,0.033255451250646,0.00372763704239914,-0.0258001771658478,0,0,0.0068894987901089,0.0137789975802178,0.194816279529418,0.197379637482642,0.199250461902795,0.215436841392911,0.1669298388525,0.118422836312089,0.0699158337716783,0.0555141272979439,0.0411124208242096,0.0541642608534736,0.0672161008827377,0.068072026616436,0.0689279523501343,0.0697838780838326,0.000981875770616886,-0.0678201265425989,-0.0276131666816338,0.0125937931793312,0.00240534873307801,-0.00778309571317521,-0.0179715401594284,0.0355256275683439,0.0890227952961163
0.217723281806241,0.124052821178418,0.231482052317588,0.338911283456757,0.214234807808271,0.219929939450505,0.264866326834144,0.142462158576004,0.150710690143885,0.158959221711765,0.167207753279646,0.146291608459219,0.125375463638792,0.156344492610808,0.187313521582823,0.158300512141734,0.129287502700644,0.100274493259555,0.15307294655357,0.205871399847585,0.222669798860257,0.23946819787293,0.218607373530941,0.197746549188952,0.176885724846963,0.245750281510339,0.314614838173716,0.0440923812512862,0.106658033247017,0.139083249981392,0.171508466715768,0.144772710698132,0.0697706414316283,0.0924042291927757,0.0945428119387798,0.0800405159414033,0.0655382199440267,0.0510359239466502,0.0562706269635101,0.0615053299803699,0.0963046092527208,0.131103888525072,0.165188724301956,0.199273560078841,0.233358395855725,0.225559446388727,0.217760496921729,0.234029394309738,0.250298291697747,0.187902833398465,0.125507375099182,0.0631119167998994,0.088202036518808,0.113292156237717,0.105084527488273,0.411255447483152,0.308366246097145,0.205477044711137,0.124538618522375,0.0906880787739079,0.123359336258396,0.127211112222608,0.104401072866239,0.0815910335098715,0.0587809941535034,0.0797466034112239,0.100712212668944,0.133516209906888,0.166320207144832,0.221518518376502,0.276716829608173,0.331915140839843,0.359677627996068,0.387440115152293,0.440153068530532,0.492866021908771,0.390060986455985,0.287255951003199,0.184450915550413,0.192449118767478,0.200447321984544,-0.0141749727498401,0.083586733980076,0.0993151022204579,0.11504347046084,0.0840498235205745,0.0499658440368107,0.0700436529492075,0.0800934688183129,0.0642962803925693,0.0484990919668257,0.0327019035410822,0.0344153659880417,0.0361288284350013,0.0312648674405609,0.0264009064461206,0.0228878614028961,0.0193748163596717,0.0158617713164473,0.0237897042839223,0.0317176372513974,0.000585910257935586,-0.0305458167355262,-0.0198867908264015,-0.00922776491727692,0.00143126099184772,-0.0320269998690567,-0.0654852607299612,0.0673260253226602,-0.0056937985567981,0.0807499773230914,0.167193753202981,0.191068744432785,0.0816287929158953,0.0945570772317831,0.148373377738634,0.146122966135084,0.143872554531535,0.141622142927986,0.10337301270302,0.0651238824780549,0.0657622479531884,0.066400613428322,0.0473547413249788,0.0283088692216357,0.00926299711829244,-0.0150412133029559,-0.0393454237242043,-0.0138115272616758,0.0117223692008526,0.0167870990254908,0.0218518288501289,0.026916558674767,0.0270368992483937,0.0271572398220205
0.191530743704146,0.201601339484638,0.437541311051265,0.673481282617891,0.322925944021886,0.27614567948494,0.349506779823899,0.239064669245078,0.205443631215006,0.171822593184934,0.138201555154862,0.172285484552718,0.206369413950575,0.229758182166855,0.253146950383135,0.20629325399823,0.159439557613325,0.11258586122842,0.155430548274707,0.198275235320994,0.190313525847639,0.182351816374283,0.173063570034745,0.163775323695207,0.154487077355668,0.15664354472059,0.158800012085511,0.0316857824420181,0.0796046393872667,0.200864580346161,0.322124521305054,0.37814123305991,0.133944567526747,0.139009309019215,0.07488397064788,0.0721995714692225,0.0695151722905649,0.0668307731119072,0.0836922541631748,0.100553735214442,0.126800812381602,0.153047889548761,0.172947895608554,0.192847901668347,0.21274790772814,0.223708627029059,0.234669346329977,0.244094163633533,0.25351898093709,0.221256283657878,0.188993586378665,0.156730889099453,0.144969028691406,0.133207168283359,0.233003890397336,0.464229978944768,0.400897630343003,0.337565281741238,0.150234086156658,0.11964506600318,0.18069616478355,0.216643510846937,0.207885166953675,0.199126823060413,0.19036847916715,0.232946070365458,0.275523661563766,0.256997865600741,0.238472069637716,0.292106179294115,0.345740288950515,0.399374398606914,0.429221153043061,0.459067907479207,0.504019438506796,0.548970969534384,0.490897529873919,0.432824090213454,0.374750650552989,0.351788361977919,0.328826073402849,-0.00220880517816485,0.150803992873748,0.223802731579936,0.296801470286124,0.373373442867801,0.0960923365929861,0.147898112132423,0.177071268309162,0.157829279773869,0.138587291238575,0.119345302703281,0.129415691762473,0.139486080821665,0.129647130227127,0.119808179632588,0.115395658798729,0.110983137964869,0.106570617131009,0.0957052368426223,0.0848398565542354,0.0677383888624719,0.0506369211707085,0.0698248944449848,0.0890128677192611,0.108200840993537,0.0817519039217999,0.0553029668500625,0.0217019274414961,-0.0238942994171248,0.0977152369985394,0.219324773414204,0.403975939385912,0.228279847112002,0.0872723684465756,0.172515840060664,0.179650779049119,0.186785718037574,0.193920657026029,0.157232567018434,0.120544477010839,0.134822410580316,0.149100344149793,0.120495026798861,0.09188970944793,0.0632843920969986,0.0598198925533907,0.0563553930097828,0.0715611097235247,0.0867668264372666,0.0830453052910259,0.0793237841447852,0.0756022629985446,0.0486721753955114,0.0217420877924782
0.107126569562986,0.0687289275147239,0.109136481014776,0.149544034514829,0.172279793587675,0.217394348935428,0.302091789729846,0.431530132539615,0.380915144996131,0.330300157452647,0.279685169909163,0.37389825945651,0.468111349003857,0.493609435923175,0.519107522842493,0.45263852020237,0.386169517562247,0.319700514922124,0.406500387288294,0.493300259654463,0.427825564017638,0.362350868380812,0.354933616345023,0.347516364309234,0.340099112273445,0.329012207289937,0.317925302306429,0.0118717128885907,-0.0486844366264575,-0.0133222938019783,0.022039849022501,0.0270090193478484,0.076359746421495,0.0899198532509588,0.138086208263027,0.163177374790165,0.188268541317303,0.213359707844441,0.237458922242089,0.261558136639738,0.29945195957023,0.337345782500723,0.360052948621416,0.382760114742108,0.4054672808628,0.403167466773004,0.400867652683208,0.422134920707242,0.443402188731275,0.352478781715926,0.261555374700576,0.170631967685227,0.1824850764209,0.194338185156574,0.283360759996864,0.18285754648353,0.213166244540635,0.243474942597739,0.193254310660878,0.280725041328445,0.369647056735975,0.460757069486244,0.477252402189465,0.493747734892686,0.510243067595907,0.531120066887142,0.551997066178376,0.487729326838068,0.423461587497759,0.507369205835397,0.591276824173036,0.675184442510674,0.695199071103486,0.715213699696299,0.751656903770392,0.788100107844485,0.687345221114675,0.586590334384866,0.485835447655057,0.411585028429871,0.337334609204686,0.0137437680022142,0.0326281722147572,0.0704548319757538,0.10828149173675,0.11217212915749,0.118668902918541,0.281963815298539,0.309796034364519,0.309762259729991,0.309728485095463,0.309694710460935,0.334253522858104,0.358812335255272,0.338394256847135,0.317976178438998,0.313044417601088,0.308112656763178,0.303180895925268,0.267121054464908,0.231061213004548,0.202221989435916,0.173382765867285,0.211865435487173,0.250348105107061,0.288830774726948,0.266220322660787,0.243609870594625,0,0,0.00463731275541465,0.00927462551082936,0.0747011680805677,0.133773073780308,0.187492424933086,0.314821366106801,0.381220325046945,0.447619283987089,0.514018242927233,0.436771888056775,0.359525533186318,0.319309007715453,0.279092482244588,0.204645855422619,0.13019922860065,0.0557526017786807,0.110733694045423,0.165714786312166,0.184106411752111,0.202498037192057,0.21445767578417,0.226417314376283,0.238376952968397,0.176352236559395,0.114327520150393
0,0,0,0,0,0,0,0.665235189480346,0.479359972942705,0.293484756405063,0.107609539867421,0.106276945053007,0.104944350238593,0.307293678710317,0.509643007182041,0.392394968078569,0.275146928975097,0.157898889871625,0.240074010552298,0.322249131232971,0.232191671621729,0.142134212010488,0.218059740234064,0.29398526845764,0.369910796681216,0.357325161673883,0.34473952666655,0,0,0,0,0,0,0.0455959385007478,0,0.175268600991484,0.350537201982967,0.525805802974451,0.574984776908294,0.624163750842136,0.356573852199593,0.0889839535570508,0.183297900722133,0.277611847887216,0.371925795052298,0.429386451503692,0.486847107955086,0.385596101263071,0.284345094571057,0.281104971383666,0.277864848196275,0.274624725008884,0.354872658160368,0.435120591311853,0,0,0,0,0,0,0.416834721460926,0.507014742001972,0.309025261328278,0.111035780654583,-0.0869537000191119,-0.0196400455695497,0.0476736088800125,0.118457675620115,0.189241742360218,0.229457741992416,0.269673741624614,0.309889741256812,0.391335671490707,0.472781601724602,0.498545612838194,0.524309623951786,0.510370487101902,0.496431350252018,0.482492213402134,0.458151059486474,0.433809905570814,0,-0.0305922099090258,-0.0305922099090258,-0.0305922099090258,0,0,0,0.0912909867444663,-0.0357201710652113,-0.162731328874889,-0.289742486684567,-0.0510075596379669,0.187727367408633,0.353866437488494,0.520005507568354,0.492588158871873,0.465170810175392,0.437753461478911,0.360890521630823,0.284027581782734,0.222090354445317,0.1601531271079,0.0669899474262658,-0.0261732322553681,-0.119336411937002,0.0980328844381013,0.315402180813205,0,0,0,0,0,0,0,0,-0.0318643529610716,-0.0637287059221432,-0.0955930588832147,0.112909287439199,0.321411633761613,0.225027283784492,0.128642933807371,0.0375094947526281,-0.0536239443021145,-0.144757383356857,-0.324189288853515,-0.503621194350172,-0.229722002156013,0.0441771900381467,-0.0723653031304532,-0.188907796299053,-0.305450289467653,-0.0621858003030551,0.181078688861543
0,0,0,0,0,0,0,0.0130332198149119,0.0760328455999921,0.139032471385072,0.202032097170153,0.332726561235367,0.463421025300582,0.570084018876062,0.676747012451543,0.607152621037637,0.537558229623732,0.467963838209827,0.546885737299057,0.625807636388288,0.651105239427403,0.676402842466518,0.540131003388344,0.40385916431017,0.267587325231996,0.350830894849073,0.434074464466151,0,0,0,0,0,0,0.00516050942683227,0,0.0365260209462275,0.073052041892455,0.109578062838682,0.185323488350322,0.26106891386196,0.421123056621151,0.581177199380341,0.589466447205896,0.59775569503145,0.606044942857005,0.584656316330639,0.563267689804272,0.583305802298187,0.603343914792101,0.544992667045363,0.486641419298625,0.428290171551886,0.43414346265011,0.439996753748333,0,0,0,0,0,0,0.014680095074685,0.0334050555690126,0.0322397781609181,0.0310745007528237,0.0299092233447292,0.0763023119396576,0.122695400534586,0.262180438134198,0.40166547573381,0.50783025481268,0.61399503389155,0.720159812970419,0.854532695345937,0.988905577721454,1.12401326663197,1.25912095554248,1.25876779395523,1.25841463236798,1.25806147078073,1.16205720943754,1.06605294809436,0,-0.00208842581637081,-0.00232574693186749,-0.00256306804736417,0,0,0,0.0333809348956882,0.0660710532391103,0.0987611715825325,0.131451289925955,0.176532293228079,0.221613296530203,0.298922545242754,0.376231793955305,0.368058897896219,0.359886001837133,0.351713105778047,0.306999254574599,0.262285403371151,0.186418577301242,0.110551751231334,0.109599163733529,0.108646576235724,0.107693988737919,0.118047946110766,0.128401903483613,0,0,0,0,0,0,0,0,0.0123740996074967,0.0247481992149934,0.0371222988224902,0.041688764481115,0.0462552301397401,0.0300127143201396,0.0137701985005389,0.00875050116974268,0.00373080383894642,-0.00128889349184991,-0.102533985859058,-0.203779078226267,-0.079432645935864,0.0449137863545389,-0.00943711076819053,-0.0637880078909199,-0.118138905013649,0.103217890474499,0.324574685962648
0,0,0,0,0,0,0,0.00866148456708961,0.10054850821363,0.19243553186017,0.28432255550671,0.367037984862367,0.449753414218024,0.534550990937031,0.619348567656038,0.547811549257435,0.476274530858832,0.404737512460229,0.440436338597433,0.476135164734638,0.474035671093109,0.47193617745158,0.376476088243584,0.281015999035588,0.185555909827592,0.241794030116488,0.298032150405383,0,0,0,0,0,0,0.0123604976054284,0,0.0633006103083924,0.126601220616785,0.189901830925177,0.280750703984685,0.371599577044192,0.469293148229932,0.566986719415671,0.536615351246561,0.506243983077452,0.475872614908343,0.444529270646898,0.413185926385454,0.416012853337785,0.418839780290115,0.384945793296497,0.351051806302879,0.317157819309261,0.326621954357477,0.336086089405694,0,0,0,0,0,0,0.0289181507363203,0.0561026689709444,0.0661684097433517,0.0762341505157589,0.0862998912881661,0.122884669131103,0.159469446974039,0.287087652882593,0.414705858791147,0.506385771452629,0.598065684114112,0.689745596775594,0.806300148413467,0.92285470005134,1.04231290156792,1.16177110308449,1.15615036336635,1.15052962364822,1.14490888393008,1.06112898574106,0.977349087552037,0,-0.00193934193745275,-0.0021597217030724,-0.00238010146869205,0,0,0,0.053196264088524,0.0909760291515837,0.128755794214644,0.166535559277703,0.205023387368009,0.243511215458315,0.261908126773134,0.280305038087953,0.266690679019326,0.253076319950698,0.23946196088207,0.205113402019155,0.17076484315624,0.104313802466464,0.0378627617766871,0.0427179807859322,0.0475731997951774,0.0524284188044226,0.0304744572548192,0.0085204957052159,0,0,0,0,0,0,0,0,0.0210909951516597,0.0421819903033195,0.0632729854549793,0.0752770748706352,0.0872811642862912,0.0547242039357619,0.0221672435852325,0.0296264725362219,0.0370857014872113,0.0445449304382007,-0.00606155395090534,-0.0566680383400114,0.0976769591003867,0.252021956540785,0.1356946584512,0.0193673603616154,-0.0969599377279694,0.151698599553617,0.400357136835204
0,0,0,0,0,0,0,5.27998310405427e-05,0.126260301591177,0.252467803351315,0.378675305111451,0.374790684208905,0.370906063306359,0.229964934894101,0.0890238064818439,0.354864866901562,0.620705927321279,0.886546987740997,0.67434270918152,0.462138430622043,0.283439754309659,0.104741077997275,0.135408645979027,0.166076213960779,0.196743781942532,0.227984498433144,0.259225214923757,0,0,0,0,0,0,0.00115680443031484,0,0.0517699953915891,0.103539990783178,0.155309986174767,0.239313689117925,0.323317392061083,0.593729129419386,0.864140866777688,0.757173465031261,0.650206063284834,0.543238661538408,0.347943653223992,0.152648644909575,0.116004063940306,0.0793594829710375,0.0252259723437024,-0.0289075382836328,-0.083041048910968,-0.062490980593687,-0.041940912276406,0,0,0,0,0,0,0.0718017116816717,-0.00940822262656836,0.253400974730307,0.516210172087183,0.779019369444059,0.673981381682952,0.568943393921845,0.445043358462362,0.321143323002879,0.299080845449212,0.277018367895545,0.254955890341877,0.561732608255414,0.868509326168951,0.756852360624172,0.645195395079394,0.771507898406019,0.897820401732644,1.02413290505927,0.827125614429252,0.630118323799235,0,-2.88051618850445e-05,-0.000144025809425075,-0.000259246456965105,0,0,0,0.105541821718758,0.159525751973948,0.213509682229138,0.267493612484328,0.281793243977477,0.296092875470625,0.314252065461322,0.332411255452018,0.343845827856407,0.355280400260797,0.366714972665186,0.406005517499399,0.445296062333612,0.547304240615115,0.649312418896618,0.526488810978025,0.403665203059432,0.28084159514084,0.44552789233598,0.610214189531119,0,0,0,0,0,0,0,0,-0.0338132045761667,-0.0676264091523336,-0.1014396137285,-0.135527820990643,-0.169616028252786,-0.270209756770205,-0.370803485287624,-0.254807726663524,-0.138811968039423,-0.0228162094153228,0.112838618102388,0.248493445620098,0.368159872005584,0.48782629839107,0.393698574042631,0.299570849694193,0.205443125345754,0.306427490035538,0.407411854725322
0,0,0,0,0,0,0,2.67872086463602e-06,0.141768661174835,0.283534643628805,0.425300626082775,0.437998331987115,0.450696037891455,0.540294461545597,0.629892885199738,0.573610019398294,0.517327153596851,0.461044287795407,0.407708399827759,0.354372511860111,0.28850752027092,0.222642528681729,0.206814444281696,0.190986359881664,0.175158275481631,0.173509785586847,0.171861295692064,0,0,0,0,0,0,0.039526817039524,0,0.163956845318434,0.327913690636867,0.491870535955301,0.614549131573055,0.737227727190809,0.760233072128163,0.783238417065517,0.57675869727274,0.370278977479963,0.163799257687186,0.154171192194088,0.14454312670099,0.0693424072514367,-0.00585831219811666,-0.041361979607067,-0.0768656470160173,-0.112369314424968,-0.0814954227666642,-0.0506215311083608,0,0,0,0,0,0,0.0684672517171699,0.387850880569598,0.156512109941407,-0.0748266606867847,-0.306165431314976,-0.0875092588589015,0.131146913597173,0.311602349304336,0.492057785011498,0.483880473168055,0.475703161324612,0.467525849481169,0.525315874762704,0.58310590004424,0.586254311434805,0.589402722825371,0.627164262715766,0.66492580260616,0.702687342496554,0.615233552161608,0.527779761826662,0,-0.00452880986850746,-0.00493026454687203,-0.00533171922523664,0,0,0,0.145531532977788,0.275476944174068,0.405422355370347,0.535367766566627,0.438901020522559,0.34243427447849,0.496001993350241,0.649569712221991,0.627934922961348,0.606300133700704,0.584665344440061,0.577669582765353,0.570673821090644,0.463794561351345,0.356915301612045,0.369781323682716,0.382647345753386,0.395513367824056,0.39492336447235,0.394333361120645,0,0,0,0,0,0,0,0,-0.0916537116219509,-0.183307423243902,-0.274961134865853,-0.0726556237339454,0.129649887397962,0.0399703472878356,-0.0497091928222912,0.0714526885809227,0.192614569984137,0.31377645138735,0.287390554533301,0.261004657679252,0.348985459331808,0.436966260984364,0.36056046901709,0.284154677049817,0.207748885082543,0.50471438362197,0.801679882161397
0,0,0,0,0,0,0,0,0.479551329531716,0.959102659063433,1.43865398859515,0.725942634550462,0.0132312805057762,0.350071480448715,0.686911680391653,0.523256859649443,0.359602038907233,0.195947218165022,0.263378275366546,0.330809332568071,0.0739858415295326,-0.182837649509006,-0.0620399465754249,0.058757756358156,0.179555459291737,0.154173716026754,0.128791972761772,0,0,0,0,0,0,0,0,0.239141214500271,0.478282429000543,0.717423643500814,0.655478512717662,0.59353338193451,0.80439986352593,1.01526634511735,0.582449157630245,0.14963197014314,-0.283185217343965,0.127633122600732,0.53845146254543,0.403698238316242,0.268945014087054,0.192424342541691,0.115903670996328,0.0393829994509657,0.105131802594979,0.170880605738993,0,0,0,0,0,0,0.279255978048488,-0.239890792181244,-0.178779398500799,-0.117668004820354,-0.0565566111399085,-0.141081316247676,-0.225606021355443,0.217678607692955,0.660963236741353,0.648155825167905,0.635348413594456,0.622541002021008,0.815379629716037,1.00821825741107,0.974802740889749,0.941387224368433,1.04538784169822,1.14938845902801,1.2533890763578,1.08690531301724,0.920421549676684,0,-0.134354657900936,-0.0671773289504678,0,0,0,0,0.244861641941021,0.524919202445114,0.804976762949209,1.0850343234533,0.487340842650009,-0.110352638153284,0.0625159446192529,0.235384527391789,0.365492132080808,0.495599736769826,0.625707341458845,0.604299976725018,0.582892611991191,0.586415385067739,0.589938158144287,0.514250875311627,0.438563592478967,0.362876309646308,0.541721686104789,0.720567062563271,0,0,0,0,0,0,0,0,-0.0911879116656154,-0.182375823331231,-0.273563734996846,0.205524765462269,0.684613265921385,0.695157446289887,0.705701626658388,0.28213666329513,-0.141428300068128,-0.564993263431386,0.532647793144087,1.63028884971956,0.765623644709891,-0.0990415602997777,-0.279730264832885,-0.460418969365993,-0.641107673899101,0.376807890051099,1.3947234540013
0,0.00199106896246699,0.0595127485024166,0.117034428042366,0.136573140777393,0.10071753673071,0.122252771262379,0.5154234889149,0.393097477000702,0.270771465086505,0.148445453172309,0.646233789490896,1.14402212580948,0.888455816073056,0.63288950633663,0.464301544138913,0.295713581941196,0.127125619743479,0.408684006098034,0.69024239245259,0.815650754433884,0.941059116415179,0.795020861082439,0.648982605749699,0.502944350416958,0.40583814011732,0.308731929817682,0,-0.00159671780058368,-0.000271159750837811,0.0010543982989081,0.00998868817981732,0.0721054207604414,0.0811153659189439,0.180968191739729,0.148689325343015,0.116410458946301,0.084131592549587,0.116556832321719,0.148982072093851,0.37596641478536,0.60295075747687,0.529068158525219,0.455185559573568,0.381302960621917,0.310541458922288,0.239779957222658,0.22772002456564,0.215660091908622,0.234896797663311,0.254133503417999,0.273370209172688,0.290580739731015,0.307791270289342,0.30956123870494,0.0202209077776712,0.078378832360995,0.136536756944319,0.24481165011179,0.844887571406562,0.0918996336019382,0.018029969605753,0.00832561612178726,-0.00137873736217842,-0.0110830908461442,0.165924441957466,0.342931974761075,0.751671102168092,1.16041022957511,1.23650770567369,1.31260518177228,1.38870265787086,1.72481084455311,2.06091903123537,2.22331147924494,2.38570392725451,2.47482314191148,2.56394235656845,2.65306157122542,2.40487268822612,2.15668380522682,0.0137405197115196,0.00487593640878349,0.0137279425139532,0.022579948619123,0.0691736694915171,0.165220927018232,0.0812642843484401,0.240262490643026,0.185066506046824,0.129870521450622,0.0746745368544203,-0.00328721424439745,-0.0812489653432154,0.0800506634527502,0.241350292248716,0.375581907519583,0.509813522790451,0.644045138061319,0.563829029669536,0.483612921277753,0.460737372482353,0.437861823686954,0.396283398808251,0.354704973929549,0.313126549050847,0.297388258706103,0.28164996836136,0,0,-0.00034768527431312,-0.000695370548626278,0.029289583664031,0.101289498414243,0.0676998694821107,-0.0047678188094868,-0.190148303412395,-0.375528788015303,-0.560909272618211,-0.223082378553181,0.114744515511848,0.0946921697582907,0.0746398240047338,0.0596281892446358,0.0446165544845378,0.0296049197244398,-0.0942770004155479,-0.218158920555536,-0.0153842345154571,0.187390451524621,-0.0513269012848953,-0.290044254094412,-0.528761606903929,-0.0145649894146772,0.499631628074574
0.132509484912352,0.162482641007922,0.352811265558234,0.543139890108546,0.239159275366932,0.304739926592828,0.452575738975268,0.274128174197072,0.253287284738433,0.232446395279793,0.211605505821154,0.304031971775676,0.396458437730199,0.435339136658419,0.47421983558664,0.420942007978751,0.367664180370863,0.314386352762975,0.454044213153741,0.593702073544507,0.589293295161181,0.584884516777856,0.520155336620856,0.455426156463855,0.390696976306855,0.395441472747028,0.400185969187201,0.0179167101240382,0.0303143222272688,0.100726036072083,0.171137749916898,0.202474451310345,0.0859457795353792,0.0893497518212916,0.113304402506075,0.105162645179394,0.097020887852713,0.0888791305260321,0.125001567011572,0.161124003497111,0.311577259944067,0.462030516391023,0.474911012341528,0.487791508292033,0.500672004242538,0.526008733052883,0.551345461863229,0.606091604691705,0.660837747520182,0.612631963927206,0.564426180334231,0.516220396741255,0.537145220363684,0.558070043986113,0.427147895335852,0.440732584407566,0.360560604263391,0.280388624119215,0.133998846453064,0.182091046495917,0.288675519371123,0.416756681527099,0.485710687383283,0.554664693239467,0.623618699095651,0.751667818799916,0.879716938504182,1.00906319822177,1.13840945793936,1.4347536109723,1.73109776400524,2.02744191703819,2.33853379363715,2.64962567023612,3.09085077165545,3.53207587307478,3.61481696913142,3.69755806518807,3.78029916124472,3.41211946166849,3.04393976209225,-0.00655574476407059,0.0780181581082237,0.119778420072064,0.161538682035904,0.250621308498211,0.0769270189826859,0.185015842486016,0.196515182428307,0.193170352209089,0.189825521989871,0.186480691770654,0.227023236820034,0.267565781869414,0.294464238841483,0.321362695813553,0.356004699863638,0.390646703913724,0.425288707963809,0.397194840887184,0.369100973810559,0.317909093709374,0.26671721360819,0.290652238790181,0.314587263972173,0.338522289154165,0.35694293501535,0.375363580876535,0.00750331907617281,-0.0447719966046704,0.0815085507540495,0.207789098112769,0.441708913089468,0.238287989310699,0.0691801175904952,0.255797068075848,0.305822348636104,0.355847629196361,0.405872909756618,0.313547545539006,0.221222181321393,0.271781077113825,0.322339972906257,0.299417422898037,0.276494872889816,0.253572322881596,0.24495494390036,0.236337564919124,0.306073664145161,0.375809763371198,0.397526618982089,0.419243474592979,0.440960330203869,0.447795210851089,0.45463009149831
0,0,0,0,0,0,0,0,0.0337908666476596,0.0675817332953192,0.101372599942979,0.420733409189042,0.740094218435105,0.842389421467702,0.9446846245003,0.922263757825689,0.899842891151081,0.877422024476471,1.00418816677383,1.13095430907119,1.11139428771206,1.09183426635294,0.964435828851853,0.837037391350763,0.709638953849673,0.763325942001926,0.817012930154179,0,0,0,0,0,0,0,0,0.0391774926749313,0.0783549853498626,0.117532478024794,0.395882511618769,0.674232545212744,1.75580608556014,2.83737962590754,2.28989089825182,1.74240217059609,1.19491344294037,1.37964975483661,1.56438606673284,1.23361601734047,0.902845967948101,0.85017804734204,0.797510126735979,0.744842206129917,0.767093822971042,0.789345439812167,0,0,0,0,0,0,0.00583182282204765,-0.00866342691821901,0.106819736591638,0.222302900101495,0.337786063611351,0.891194761174109,1.44460345873687,2.60557600607844,3.76654855342002,3.58183237501827,3.39711619661652,3.21240001821478,3.316894810067,3.42138960191923,3.95049618164111,4.47960276136299,4.24197998863145,4.0043572158999,3.76673444316836,2.46345049922194,1.16016655527551,0,0,0,0,0,0,0,0.0972555541008823,0.15254976629995,0.207843978499018,0.263138190698086,0.881242162816451,1.49934613493482,1.86796764286228,2.23658915078975,2.1024315082119,1.96827386563406,1.83411622305621,3.58354259400033,5.33296896494444,3.0828725839756,0.832776203006757,0.709951219108887,0.587126235211017,0.464301251313147,0.574764161109417,0.685227070905688,0,0,0,0,0,0,0,0,0.0445963486039481,0.089192697207896,0.133789045811844,-0.0904946133974095,-0.314778272606663,-0.0811676441231903,0.152442984360282,0.152118192379584,0.151793400398885,0.151468608418187,0.329298573734386,0.507128539050585,-0.0852291152090961,-0.677586769468777,-0.490172468011383,-0.302758166553988,-0.115343865096593,-0.200488053513264,-0.285632241929935
